,Index,Tree,Address,latitude,longitude
469,1248,Cordyline australis :: Dracena Palm,"8250on Geary 47th Ave, San Francisco, CA",37.7766395,-122.5081605
541,1438,Cordyline australis :: Dracena Palm,"8250on Geary 47th Ave, San Francisco, CA",37.7766395,-122.5081605
560,1489,Cordyline australis :: Dracena Palm,"8250on Geary 47th Ave, San Francisco, CA",37.7766395,-122.5081605
617,1646,Cordyline australis :: Dracena Palm,"8250on Geary 47th Ave, San Francisco, CA",37.7766395,-122.5081605
640,1733,Cordyline australis :: Dracena Palm,"8250on Geary 47th Ave, San Francisco, CA",37.7766395,-122.5081605
711,1935,Cordyline australis :: Dracena Palm,"8250on Geary 47th Ave, San Francisco, CA",37.7766395,-122.5081605
128,262,Metrosideros excelsa :: New Zealand Xmas Tree,"4124 Moraga Ave, San Francisco, CA",37.7550509,-122.5071113
629,1704,Metrosideros excelsa :: New Zealand Xmas Tree,"94122 47th Ave, San Francisco, CA",37.7519895,-122.5063995
237,595,Leptospermum scoparium  'Helene Strybing' :: Helene Strybing New Zealand Tea Tree,"3726 35th Ave, San Francisco, CA",37.7767445,-122.4952445
881,2457,Pinus radiata :: Monterey Pine,"495X Lakeshore Dr, San Francisco, CA",37.732092,-122.494562
915,2492,Cupressus macrocarpa :: Monterey Cypress,"2501X Santiago St, San Francisco, CA",37.7440718,-122.4942182
522,1402,Platanus x hispanica :: Sycamore: London Plane,"103X Sunset Blvd, San Francisco, CA",37.7382147,-122.4940816
530,1415,Platanus x hispanica :: Sycamore: London Plane,"103X Sunset Blvd, San Francisco, CA",37.7382147,-122.4940816
620,1657,Platanus x hispanica :: Sycamore: London Plane,"103X Sunset Blvd, San Francisco, CA",37.7382147,-122.4940816
826,2267,Platanus x hispanica :: Sycamore: London Plane,"103X Sunset Blvd, San Francisco, CA",37.7382147,-122.4940816
82,147,Metrosideros excelsa :: New Zealand Xmas Tree,"262X Sunset Blvd, San Francisco, CA",37.7372907,-122.4940211
88,166,Magnolia spp :: Magnolia,"262X Sunset Blvd, San Francisco, CA",37.7372907,-122.4940211
114,233,Eucalyptus Spp :: Eucalyptus,"262X Sunset Blvd, San Francisco, CA",37.7372907,-122.4940211
117,243,Acacia decurrens :: Acacia: Silver Wattle,"262X Sunset Blvd, San Francisco, CA",37.7372907,-122.4940211
118,245,Metrosideros excelsa :: New Zealand Xmas Tree,"262X Sunset Blvd, San Francisco, CA",37.7372907,-122.4940211
123,251,Pinus radiata :: Monterey Pine,"262X Sunset Blvd, San Francisco, CA",37.7372907,-122.4940211
143,302,Acacia decurrens :: Acacia: Silver Wattle,"262X Sunset Blvd, San Francisco, CA",37.7372907,-122.4940211
152,354,Cupressus macrocarpa :: Monterey Cypress,"262X Sunset Blvd, San Francisco, CA",37.7372907,-122.4940211
159,371,Acacia decurrens :: Acacia: Silver Wattle,"262X Sunset Blvd, San Francisco, CA",37.7372907,-122.4940211
168,395,Acacia decurrens :: Acacia: Silver Wattle,"262X Sunset Blvd, San Francisco, CA",37.7372907,-122.4940211
176,433,Acacia decurrens :: Acacia: Silver Wattle,"262X Sunset Blvd, San Francisco, CA",37.7372907,-122.4940211
196,487,Acacia decurrens :: Acacia: Silver Wattle,"262X Sunset Blvd, San Francisco, CA",37.7372907,-122.4940211
278,694,Pittosporum undulatum :: Victorian Box,"262X Sunset Blvd, San Francisco, CA",37.7372907,-122.4940211
282,701,Pinus radiata :: Monterey Pine,"262X Sunset Blvd, San Francisco, CA",37.7372907,-122.4940211
287,717,Cupressus macrocarpa :: Monterey Cypress,"262X Sunset Blvd, San Francisco, CA",37.7372907,-122.4940211
308,777,Pinus pinea :: Italian Stone Pine,"262X Sunset Blvd, San Francisco, CA",37.7372907,-122.4940211
333,828,Metrosideros excelsa :: New Zealand Xmas Tree,"262X Sunset Blvd, San Francisco, CA",37.7372907,-122.4940211
342,856,Cupressus macrocarpa :: Monterey Cypress,"262X Sunset Blvd, San Francisco, CA",37.7372907,-122.4940211
345,862,Pinus radiata :: Monterey Pine,"262X Sunset Blvd, San Francisco, CA",37.7372907,-122.4940211
353,898,Cupressus macrocarpa :: Monterey Cypress,"262X Sunset Blvd, San Francisco, CA",37.7372907,-122.4940211
355,903,Pittosporum crassifolium :: Karo Tree,"262X Sunset Blvd, San Francisco, CA",37.7372907,-122.4940211
371,962,Acacia decurrens :: Acacia: Silver Wattle,"262X Sunset Blvd, San Francisco, CA",37.7372907,-122.4940211
421,1102,Pinus radiata :: Monterey Pine,"262X Sunset Blvd, San Francisco, CA",37.7372907,-122.4940211
439,1156,Pinus radiata :: Monterey Pine,"262X Sunset Blvd, San Francisco, CA",37.7372907,-122.4940211
449,1188,Metrosideros excelsa :: New Zealand Xmas Tree,"262X Sunset Blvd, San Francisco, CA",37.7372907,-122.4940211
460,1230,Acacia decurrens :: Acacia: Silver Wattle,"262X Sunset Blvd, San Francisco, CA",37.7372907,-122.4940211
465,1242,Metrosideros excelsa :: New Zealand Xmas Tree,"262X Sunset Blvd, San Francisco, CA",37.7372907,-122.4940211
475,1259,Acacia melanoxylon :: Blackwood Acacia,"262X Sunset Blvd, San Francisco, CA",37.7372907,-122.4940211
505,1347,Cupressus macrocarpa :: Monterey Cypress,"262X Sunset Blvd, San Francisco, CA",37.7372907,-122.4940211
510,1360,Metrosideros excelsa :: New Zealand Xmas Tree,"262X Sunset Blvd, San Francisco, CA",37.7372907,-122.4940211
512,1372,Pinus radiata :: Monterey Pine,"262X Sunset Blvd, San Francisco, CA",37.7372907,-122.4940211
581,1547,Acacia melanoxylon :: Blackwood Acacia,"262X Sunset Blvd, San Francisco, CA",37.7372907,-122.4940211
590,1567,Pittosporum eugenioides :: Tarata,"262X Sunset Blvd, San Francisco, CA",37.7372907,-122.4940211
602,1601,Acacia decurrens :: Acacia: Silver Wattle,"262X Sunset Blvd, San Francisco, CA",37.7372907,-122.4940211
627,1697,Pinus radiata :: Monterey Pine,"262X Sunset Blvd, San Francisco, CA",37.7372907,-122.4940211
645,1750,Pinus radiata :: Monterey Pine,"262X Sunset Blvd, San Francisco, CA",37.7372907,-122.4940211
673,1821,Pinus radiata :: Monterey Pine,"262X Sunset Blvd, San Francisco, CA",37.7372907,-122.4940211
697,1890,Pinus radiata :: Monterey Pine,"262X Sunset Blvd, San Francisco, CA",37.7372907,-122.4940211
708,1930,Acacia decurrens :: Acacia: Silver Wattle,"262X Sunset Blvd, San Francisco, CA",37.7372907,-122.4940211
710,1934,Pinus radiata :: Monterey Pine,"262X Sunset Blvd, San Francisco, CA",37.7372907,-122.4940211
730,1988,Pinus radiata :: Monterey Pine,"262X Sunset Blvd, San Francisco, CA",37.7372907,-122.4940211
742,2027,Cupressus macrocarpa :: Monterey Cypress,"262X Sunset Blvd, San Francisco, CA",37.7372907,-122.4940211
753,2045,Acacia decurrens :: Acacia: Silver Wattle,"262X Sunset Blvd, San Francisco, CA",37.7372907,-122.4940211
764,2077,Metrosideros excelsa :: New Zealand Xmas Tree,"262X Sunset Blvd, San Francisco, CA",37.7372907,-122.4940211
786,2153,Acacia melanoxylon :: Blackwood Acacia,"262X Sunset Blvd, San Francisco, CA",37.7372907,-122.4940211
816,2239,Acacia decurrens :: Acacia: Silver Wattle,"262X Sunset Blvd, San Francisco, CA",37.7372907,-122.4940211
818,2241,Cupressus macrocarpa :: Monterey Cypress,"262X Sunset Blvd, San Francisco, CA",37.7372907,-122.4940211
835,2289,Pinus radiata :: Monterey Pine,"262X Sunset Blvd, San Francisco, CA",37.7372907,-122.4940211
837,2291,Acacia decurrens :: Acacia: Silver Wattle,"262X Sunset Blvd, San Francisco, CA",37.7372907,-122.4940211
843,2311,Acacia decurrens :: Acacia: Silver Wattle,"262X Sunset Blvd, San Francisco, CA",37.7372907,-122.4940211
859,2386,Pinus radiata :: Monterey Pine,"262X Sunset Blvd, San Francisco, CA",37.7372907,-122.4940211
23,38,Metrosideros excelsa :: New Zealand Xmas Tree,"495X Sunset Blvd, San Francisco, CA",37.7328155,-122.493705
68,122,Pinus radiata :: Monterey Pine,"50X Sunset Blvd, San Francisco, CA",37.7328155,-122.493705
85,158,Pinus radiata :: Monterey Pine,"20X Sunset Blvd, San Francisco, CA",37.7328155,-122.493705
89,168,Pinus radiata :: Monterey Pine,"453X Sunset Blvd, San Francisco, CA",37.7328155,-122.493705
96,187,Platanus x hispanica :: Sycamore: London Plane,"495X Sunset Blvd, San Francisco, CA",37.7328155,-122.493705
102,206,Pinus radiata :: Monterey Pine,"453X Sunset Blvd, San Francisco, CA",37.7328155,-122.493705
112,230,Metrosideros excelsa :: New Zealand Xmas Tree,"495X Sunset Blvd, San Francisco, CA",37.7328155,-122.493705
115,234,Cupressus macrocarpa :: Monterey Cypress,"453X Sunset Blvd, San Francisco, CA",37.7328155,-122.493705
137,282,Eucalyptus globulus :: Blue Gum,"101X Sunset Blvd, San Francisco, CA",37.7328155,-122.493705
153,362,Pinus pinea :: Italian Stone Pine,"101X Sunset Blvd, San Francisco, CA",37.7328155,-122.493705
154,363,Pinus pinea :: Italian Stone Pine,"101X Sunset Blvd, San Francisco, CA",37.7328155,-122.493705
163,384,Cupressus macrocarpa :: Monterey Cypress,"101X Sunset Blvd, San Francisco, CA",37.7328155,-122.493705
167,392,Pinus radiata :: Monterey Pine,"101X Sunset Blvd, San Francisco, CA",37.7328155,-122.493705
171,409,Pinus radiata :: Monterey Pine,"495X Sunset Blvd, San Francisco, CA",37.7328155,-122.493705
197,489,Pinus pinea :: Italian Stone Pine,"101X Sunset Blvd, San Francisco, CA",37.7328155,-122.493705
204,509,Metrosideros excelsa :: New Zealand Xmas Tree,"50X Sunset Blvd, San Francisco, CA",37.7328155,-122.493705
232,579,Cupressus macrocarpa :: Monterey Cypress,"495X Sunset Blvd, San Francisco, CA",37.7328155,-122.493705
244,611,Acer spp :: Maple,"101X Sunset Blvd, San Francisco, CA",37.7328155,-122.493705
245,612,Pinus radiata :: Monterey Pine,"485X Sunset Blvd, San Francisco, CA",37.7328155,-122.493705
246,614,Pinus radiata :: Monterey Pine,"495X Sunset Blvd, San Francisco, CA",37.7328155,-122.493705
257,648,Pinus radiata :: Monterey Pine,"453X Sunset Blvd, San Francisco, CA",37.7328155,-122.493705
262,660,Metrosideros excelsa :: New Zealand Xmas Tree,"495X Sunset Blvd, San Francisco, CA",37.7328155,-122.493705
269,670,Pinus radiata :: Monterey Pine,"101X Sunset Blvd, San Francisco, CA",37.7328155,-122.493705
272,678,Platanus x hispanica :: Sycamore: London Plane,"101X Sunset Blvd, San Francisco, CA",37.7328155,-122.493705
276,686,Cupressus macrocarpa :: Monterey Cypress,"453X Sunset Blvd, San Francisco, CA",37.7328155,-122.493705
284,708,Eucalyptus globulus :: Blue Gum,"101X Sunset Blvd, San Francisco, CA",37.7328155,-122.493705
285,709,Pinus pinea :: Italian Stone Pine,"101X Sunset Blvd, San Francisco, CA",37.7328155,-122.493705
288,719,Pinus pinea :: Italian Stone Pine,"495X Sunset Blvd, San Francisco, CA",37.7328155,-122.493705
290,726,Metrosideros excelsa :: New Zealand Xmas Tree,"495X Sunset Blvd, San Francisco, CA",37.7328155,-122.493705
291,727,Pinus radiata :: Monterey Pine,"101X Sunset Blvd, San Francisco, CA",37.7328155,-122.493705
292,728,Metrosideros excelsa :: New Zealand Xmas Tree,"495X Sunset Blvd, San Francisco, CA",37.7328155,-122.493705
296,742,Cupressus macrocarpa :: Monterey Cypress,"485X Sunset Blvd, San Francisco, CA",37.7328155,-122.493705
299,747,Pinus radiata :: Monterey Pine,"50X Sunset Blvd, San Francisco, CA",37.7328155,-122.493705
302,759,Pinus pinea :: Italian Stone Pine,"101X Sunset Blvd, San Francisco, CA",37.7328155,-122.493705
304,762,Cupressus macrocarpa :: Monterey Cypress,"485X Sunset Blvd, San Francisco, CA",37.7328155,-122.493705
314,784,Cupressus macrocarpa :: Monterey Cypress,"20X Sunset Blvd, San Francisco, CA",37.7328155,-122.493705
340,854,Pinus radiata :: Monterey Pine,"485X Sunset Blvd, San Francisco, CA",37.7328155,-122.493705
348,875,Metrosideros excelsa :: New Zealand Xmas Tree,"495X Sunset Blvd, San Francisco, CA",37.7328155,-122.493705
350,886,Pinus radiata :: Monterey Pine,"485X Sunset Blvd, San Francisco, CA",37.7328155,-122.493705
352,895,Cupressus macrocarpa :: Monterey Cypress,"50X Sunset Blvd, San Francisco, CA",37.7328155,-122.493705
363,937,Pinus radiata :: Monterey Pine,"101X Sunset Blvd, San Francisco, CA",37.7328155,-122.493705
365,945,Pinus radiata :: Monterey Pine,"101X Sunset Blvd, San Francisco, CA",37.7328155,-122.493705
384,1009,Cupressus macrocarpa :: Monterey Cypress,"485X Sunset Blvd, San Francisco, CA",37.7328155,-122.493705
387,1015,Pinus pinea :: Italian Stone Pine,"101X Sunset Blvd, San Francisco, CA",37.7328155,-122.493705
399,1053,Cupressus macrocarpa :: Monterey Cypress,"101X Sunset Blvd, San Francisco, CA",37.7328155,-122.493705
406,1065,Metrosideros excelsa :: New Zealand Xmas Tree,"20X Sunset Blvd, San Francisco, CA",37.7328155,-122.493705
423,1111,Cupressus macrocarpa :: Monterey Cypress,"495X Sunset Blvd, San Francisco, CA",37.7328155,-122.493705
426,1121,Metrosideros excelsa :: New Zealand Xmas Tree,"495X Sunset Blvd, San Francisco, CA",37.7328155,-122.493705
432,1135,Pinus radiata :: Monterey Pine,"20X Sunset Blvd, San Francisco, CA",37.7328155,-122.493705
433,1141,Pinus canariensis :: Canary Island Pine,"50X Sunset Blvd, San Francisco, CA",37.7328155,-122.493705
445,1176,Eucalyptus globulus :: Blue Gum,"101X Sunset Blvd, San Francisco, CA",37.7328155,-122.493705
448,1185,Metrosideros excelsa :: New Zealand Xmas Tree,"20X Sunset Blvd, San Francisco, CA",37.7328155,-122.493705
453,1195,Pinus radiata :: Monterey Pine,"101X Sunset Blvd, San Francisco, CA",37.7328155,-122.493705
489,1299,Platanus x hispanica :: Sycamore: London Plane,"101X Sunset Blvd, San Francisco, CA",37.7328155,-122.493705
498,1324,Cupressus macrocarpa :: Monterey Cypress,"453X Sunset Blvd, San Francisco, CA",37.7328155,-122.493705
501,1333,Eucalyptus globulus :: Blue Gum,"101X Sunset Blvd, San Francisco, CA",37.7328155,-122.493705
514,1378,Pinus radiata :: Monterey Pine,"20X Sunset Blvd, San Francisco, CA",37.7328155,-122.493705
520,1400,Cupressus macrocarpa :: Monterey Cypress,"485X Sunset Blvd, San Francisco, CA",37.7328155,-122.493705
526,1411,Pinus radiata :: Monterey Pine,"453X Sunset Blvd, San Francisco, CA",37.7328155,-122.493705
538,1432,Pinus pinea :: Italian Stone Pine,"101X Sunset Blvd, San Francisco, CA",37.7328155,-122.493705
544,1450,Pinus radiata :: Monterey Pine,"101X Sunset Blvd, San Francisco, CA",37.7328155,-122.493705
546,1452,Pinus radiata :: Monterey Pine,"20X Sunset Blvd, San Francisco, CA",37.7328155,-122.493705
551,1468,Pinus radiata :: Monterey Pine,"453X Sunset Blvd, San Francisco, CA",37.7328155,-122.493705
554,1475,Pinus radiata :: Monterey Pine,"50X Sunset Blvd, San Francisco, CA",37.7328155,-122.493705
567,1505,Pittosporum tenuifolium :: Tawhiwhi Pittosporum,"101X Sunset Blvd, San Francisco, CA",37.7328155,-122.493705
571,1522,Pinus radiata :: Monterey Pine,"20X Sunset Blvd, San Francisco, CA",37.7328155,-122.493705
574,1526,Platanus x hispanica :: Sycamore: London Plane,"101X Sunset Blvd, San Francisco, CA",37.7328155,-122.493705
578,1536,Pinus radiata :: Monterey Pine,"20X Sunset Blvd, San Francisco, CA",37.7328155,-122.493705
586,1558,Pinus radiata :: Monterey Pine,"20X Sunset Blvd, San Francisco, CA",37.7328155,-122.493705
596,1584,Pinus radiata :: Monterey Pine,"20X Sunset Blvd, San Francisco, CA",37.7328155,-122.493705
597,1595,Cupressus macrocarpa :: Monterey Cypress,"453X Sunset Blvd, San Francisco, CA",37.7328155,-122.493705
598,1597,Platanus x hispanica :: Sycamore: London Plane,"101X Sunset Blvd, San Francisco, CA",37.7328155,-122.493705
600,1599,Pinus radiata :: Monterey Pine,"453X Sunset Blvd, San Francisco, CA",37.7328155,-122.493705
605,1607,Pinus canariensis :: Canary Island Pine,"50X Sunset Blvd, San Francisco, CA",37.7328155,-122.493705
606,1610,Cupressus macrocarpa :: Monterey Cypress,"453X Sunset Blvd, San Francisco, CA",37.7328155,-122.493705
608,1621,Metrosideros excelsa :: New Zealand Xmas Tree,"495X Sunset Blvd, San Francisco, CA",37.7328155,-122.493705
625,1679,Pinus radiata :: Monterey Pine,"20X Sunset Blvd, San Francisco, CA",37.7328155,-122.493705
626,1692,Cupressus macrocarpa :: Monterey Cypress,"20X Sunset Blvd, San Francisco, CA",37.7328155,-122.493705
630,1706,Metrosideros excelsa :: New Zealand Xmas Tree,"495X Sunset Blvd, San Francisco, CA",37.7328155,-122.493705
634,1718,Metrosideros excelsa :: New Zealand Xmas Tree,"495X Sunset Blvd, San Francisco, CA",37.7328155,-122.493705
643,1742,Pinus radiata :: Monterey Pine,"20X Sunset Blvd, San Francisco, CA",37.7328155,-122.493705
647,1756,Metrosideros excelsa :: New Zealand Xmas Tree,"495X Sunset Blvd, San Francisco, CA",37.7328155,-122.493705
651,1769,Pinus radiata :: Monterey Pine,"495X Sunset Blvd, San Francisco, CA",37.7328155,-122.493705
657,1783,Pinus radiata :: Monterey Pine,"20X Sunset Blvd, San Francisco, CA",37.7328155,-122.493705
665,1804,Cupressus macrocarpa :: Monterey Cypress,"453X Sunset Blvd, San Francisco, CA",37.7328155,-122.493705
671,1815,Cupressus macrocarpa :: Monterey Cypress,"453X Sunset Blvd, San Francisco, CA",37.7328155,-122.493705
679,1840,Pinus radiata :: Monterey Pine,"495X Sunset Blvd, San Francisco, CA",37.7328155,-122.493705
683,1849,Pinus radiata :: Monterey Pine,"495X Sunset Blvd, San Francisco, CA",37.7328155,-122.493705
685,1851,Pinus radiata :: Monterey Pine,"453X Sunset Blvd, San Francisco, CA",37.7328155,-122.493705
688,1865,Cupressus macrocarpa :: Monterey Cypress,"20X Sunset Blvd, San Francisco, CA",37.7328155,-122.493705
703,1910,Metrosideros excelsa :: New Zealand Xmas Tree,"495X Sunset Blvd, San Francisco, CA",37.7328155,-122.493705
714,1941,Metrosideros excelsa :: New Zealand Xmas Tree,"495X Sunset Blvd, San Francisco, CA",37.7328155,-122.493705
723,1967,Pinus radiata :: Monterey Pine,"485X Sunset Blvd, San Francisco, CA",37.7328155,-122.493705
744,2029,Pinus radiata :: Monterey Pine,"50X Sunset Blvd, San Francisco, CA",37.7328155,-122.493705
765,2080,Metrosideros excelsa :: New Zealand Xmas Tree,"495X Sunset Blvd, San Francisco, CA",37.7328155,-122.493705
768,2084,Sequoia sempervirens :: Coast Redwood,"495X Sunset Blvd, San Francisco, CA",37.7328155,-122.493705
785,2150,Cupressus macrocarpa :: Monterey Cypress,"20X Sunset Blvd, San Francisco, CA",37.7328155,-122.493705
790,2163,Pinus radiata :: Monterey Pine,"101X Sunset Blvd, San Francisco, CA",37.7328155,-122.493705
795,2171,Metrosideros excelsa :: New Zealand Xmas Tree,"50X Sunset Blvd, San Francisco, CA",37.7328155,-122.493705
808,2217,Metrosideros excelsa :: New Zealand Xmas Tree,"495X Sunset Blvd, San Francisco, CA",37.7328155,-122.493705
810,2220,Pinus pinea :: Italian Stone Pine,"101X Sunset Blvd, San Francisco, CA",37.7328155,-122.493705
822,2253,Acacia longifolia :: Golden Wattle,"50X Sunset Blvd, San Francisco, CA",37.7328155,-122.493705
831,2279,Eucalyptus globulus :: Blue Gum,"101X Sunset Blvd, San Francisco, CA",37.7328155,-122.493705
833,2285,Pinus pinea :: Italian Stone Pine,"50X Sunset Blvd, San Francisco, CA",37.7328155,-122.493705
853,2359,Eucalyptus globulus :: Blue Gum,"101X Sunset Blvd, San Francisco, CA",37.7328155,-122.493705
854,2369,Lithocarpus densiflorus :: Tan Oak,"50X Sunset Blvd, San Francisco, CA",37.7328155,-122.493705
855,2370,Acacia melanoxylon :: Blackwood Acacia,"495X Sunset Blvd, San Francisco, CA",37.7328155,-122.493705
863,2403,Cupressus macrocarpa :: Monterey Cypress,"20X Sunset Blvd, San Francisco, CA",37.7328155,-122.493705
539,1434,Arbutus 'Marina' :: Hybrid Strawberry Tree,"2822 Moraga Ave, San Francisco, CA",37.755592,-122.493139
247,615,Melaleuca nesophila :: Pink Melaleuca,"210 35th Ave, San Francisco, CA",37.7394958,-122.4926288
188,464,Geijera parviflora :: Australian Willow,"955 Kennedy Ave, San Francisco, CA",37.7707388,-122.48834
254,640,Geijera parviflora :: Australian Willow,"955 Kennedy Ave, San Francisco, CA",37.7707388,-122.48834
295,738,Geijera parviflora :: Australian Willow,"955 Kennedy Ave, San Francisco, CA",37.7707388,-122.48834
354,899,Geijera parviflora :: Australian Willow,"955 Kennedy Ave, San Francisco, CA",37.7707388,-122.48834
660,1790,Geijera parviflora :: Australian Willow,"955 Kennedy Ave, San Francisco, CA",37.7707388,-122.48834
694,1884,Geijera parviflora :: Australian Willow,"955 Kennedy Ave, San Francisco, CA",37.7707388,-122.48834
321,808,Schinus terebinthifolius :: Brazilian Pepper,"6401 23rd Ave, San Francisco, CA",37.7809967,-122.4826528
122,249,Leptospermum scoparium  'Helene Strybing' :: Helene Strybing New Zealand Tea Tree,"581@ 20TH ST Peninsula Ave, San Francisco, CA",37.7770238,-122.4792115
929,2508,Lophostemon confertus :: Brisbane Box,"401X Brotherhood Way, San Francisco, CA",37.7138668,-122.4751707
931,2510,Corymbia ficifolia :: Red Flowering Gum,"401X Brotherhood Way, San Francisco, CA",37.7138668,-122.4751707
932,2511,Corymbia ficifolia :: Red Flowering Gum,"401X Brotherhood Way, San Francisco, CA",37.7138668,-122.4751707
934,2513,Corymbia ficifolia :: Red Flowering Gum,"401X Brotherhood Way, San Francisco, CA",37.7138668,-122.4751707
935,2514,Corymbia ficifolia :: Red Flowering Gum,"401X Brotherhood Way, San Francisco, CA",37.7138668,-122.4751707
936,2515,Lophostemon confertus :: Brisbane Box,"401X Brotherhood Way, San Francisco, CA",37.7138668,-122.4751707
938,2517,Lophostemon confertus :: Brisbane Box,"401X Brotherhood Way, San Francisco, CA",37.7138668,-122.4751707
939,2518,Corymbia ficifolia :: Red Flowering Gum,"401X Brotherhood Way, San Francisco, CA",37.7138668,-122.4751707
940,2519,Corymbia ficifolia :: Red Flowering Gum,"401X Brotherhood Way, San Francisco, CA",37.7138668,-122.4751707
941,2520,Corymbia ficifolia :: Red Flowering Gum,"401X Brotherhood Way, San Francisco, CA",37.7138668,-122.4751707
942,2521,Corymbia ficifolia :: Red Flowering Gum,"401X Brotherhood Way, San Francisco, CA",37.7138668,-122.4751707
943,2522,Lophostemon confertus :: Brisbane Box,"401X Brotherhood Way, San Francisco, CA",37.7138668,-122.4751707
944,2523,Lophostemon confertus :: Brisbane Box,"401X Brotherhood Way, San Francisco, CA",37.7138668,-122.4751707
945,2524,Corymbia ficifolia :: Red Flowering Gum,"401X Brotherhood Way, San Francisco, CA",37.7138668,-122.4751707
946,2525,Corymbia ficifolia :: Red Flowering Gum,"401X Brotherhood Way, San Francisco, CA",37.7138668,-122.4751707
947,2526,Lophostemon confertus :: Brisbane Box,"401X Brotherhood Way, San Francisco, CA",37.7138668,-122.4751707
949,2528,Corymbia ficifolia :: Red Flowering Gum,"401X Brotherhood Way, San Francisco, CA",37.7138668,-122.4751707
950,2529,Lophostemon confertus :: Brisbane Box,"401X Brotherhood Way, San Francisco, CA",37.7138668,-122.4751707
907,2484,Cupressus macrocarpa :: Monterey Cypress,"3630x 19th Ave, San Francisco, CA",37.7294564,-122.4746325
908,2485,Cupressus macrocarpa :: Monterey Cypress,"3630x 19th Ave, San Francisco, CA",37.7294564,-122.4746325
909,2486,Cupressus macrocarpa :: Monterey Cypress,"3630x 19th Ave, San Francisco, CA",37.7294564,-122.4746325
910,2487,Cupressus macrocarpa :: Monterey Cypress,"3630x 19th Ave, San Francisco, CA",37.7294564,-122.4746325
99,198,Ulmus pumila :: Siberian Elm,"10X Junipero Serra Blvd, San Francisco, CA",37.7340055,-122.4718008
309,778,Pittosporum undulatum :: Victorian Box,"4850 Funston Ave, San Francisco, CA",37.7802309,-122.4717509
248,618,Corymbia ficifolia :: Red Flowering Gum,"1601X Portola Dr, San Francisco, CA",37.7359561,-122.4699583
830,2278,Magnolia grandiflora :: Southern Magnolia,"2722 Funston Ave, San Francisco, CA",37.7441174,-122.4692242
33,52,Pinus radiata :: Monterey Pine,"400X Brotherhood Way, San Francisco, CA",37.7126388,-122.4690894
918,2495,Platanus x hispanica :: Sycamore: London Plane,"101X Vicente St, San Francisco, CA",37.739698,-122.46748
31,48,Arbutus 'Marina' :: Hybrid Strawberry Tree,"1X Brotherhood Way, San Francisco, CA",37.711957,-122.4642173
40,70,Quercus ilex :: Holly Oak,"100 Lawton St, San Francisco, CA",37.7585739,-122.4642037
27,43,Citrus spp :: Lemon: Orange: Lime,"590X Orizaba Ave, San Francisco, CA",37.7197643,-122.4626225
30,46,Magnolia grandiflora 'Little Gem' :: Little Gem Magnolia,"590X Orizaba Ave, San Francisco, CA",37.7197643,-122.4626225
55,99,Olea europaea 'Fruitless' :: Fruitless Olive,"2 Judah St, San Francisco, CA",37.7623834,-122.4620743
286,711,Lophostemon confertus :: Brisbane Box,"1313 Dorado Ter, San Francisco, CA",37.7259132,-122.460857
32,51,Pinus pinea :: Italian Stone Pine,"1101X Portola Dr, San Francisco, CA",37.740429,-122.459105
103,209,Pinus radiata :: Monterey Pine,"1101X Portola Dr, San Francisco, CA",37.740429,-122.459105
253,638,Pinus pinea :: Italian Stone Pine,"1101X Portola Dr, San Francisco, CA",37.740429,-122.459105
283,702,Pinus pinea :: Italian Stone Pine,"1101X Portola Dr, San Francisco, CA",37.740429,-122.459105
367,950,Metrosideros excelsa :: New Zealand Xmas Tree,"1101X Portola Dr, San Francisco, CA",37.740429,-122.459105
872,2439,Acacia melanoxylon :: Blackwood Acacia,"1101X Portola Dr, San Francisco, CA",37.740429,-122.459105
570,1519,Acacia melanoxylon :: Blackwood Acacia,"228 Jordan Ave, San Francisco, CA",37.782677,-122.4567405
582,1549,Acacia melanoxylon :: Blackwood Acacia,"228 Jordan Ave, San Francisco, CA",37.782677,-122.4567405
930,2509,Lophostemon confertus :: Brisbane Box,"3098 Turk St, San Francisco, CA",37.7774787,-122.4567038
948,2527,Lophostemon confertus :: Brisbane Box,"3098 Turk St, San Francisco, CA",37.7774787,-122.4567038
951,2530,Lophostemon confertus :: Brisbane Box,"3098 Turk St, San Francisco, CA",37.7774787,-122.4567038
933,2512,Lophostemon confertus :: Brisbane Box,"3066 Turk St, San Francisco, CA",37.777644,-122.456421
376,977,Magnolia grandiflora :: Southern Magnolia,"221 Greenwood Ave, San Francisco, CA",37.7288003,-122.4544118
686,1857,Magnolia grandiflora :: Southern Magnolia,"221 Greenwood Ave, San Francisco, CA",37.7288003,-122.4544118
937,2516,Lophostemon confertus :: Brisbane Box,"2901 Turk St, San Francisco, CA",37.7777954,-122.4535658
952,2531,Lophostemon confertus :: Brisbane Box,"2901 Turk Blvd, San Francisco, CA",37.7777954,-122.4535658
953,2532,Lophostemon confertus :: Brisbane Box,"2901 Turk Blvd, San Francisco, CA",37.7777954,-122.4535658
955,2534,Lophostemon confertus :: Brisbane Box,"2901 Turk Blvd, San Francisco, CA",37.7777954,-122.4535658
595,1581,Lophostemon confertus :: Brisbane Box,"730@ Waller Stanyan Blvd, San Francisco, CA",37.7690542,-122.4532148
28,44,Ligustrum lucidum :: Glossy Privet,"601x Hearst Ave, San Francisco, CA",37.7306493,-122.4518711
74,129,Ligustrum lucidum :: Glossy Privet,"601x Hearst Ave, San Francisco, CA",37.7306493,-122.4518711
912,2489,Cupressus macrocarpa :: Monterey Cypress,"138x Gladeview Way, San Francisco, CA",37.7508129,-122.4505041
913,2490,Cupressus macrocarpa :: Monterey Cypress,"138x Gladeview Way, San Francisco, CA",37.7508129,-122.4505041
914,2491,Cupressus macrocarpa :: Monterey Cypress,"138x Gladeview Way, San Francisco, CA",37.7508129,-122.4505041
38,68,Juniperus chinensis :: Juniper,"1055X Duncan St, San Francisco, CA",37.7456598,-122.4434182
39,69,Dodonaea viscosa :: Hop Bush,"1055X Duncan St, San Francisco, CA",37.7456598,-122.4434182
2,3,Sequoia sempervirens :: Coast Redwood,"4299x 17th St, San Francisco, CA",37.7621085,-122.4407008
531,1417,Ligustrum lucidum :: Glossy Privet,"4250 Clipper St, San Francisco, CA",37.7486355,-122.4406655
4,5,Metrosideros excelsa :: New Zealand Xmas Tree,"100 STAIRWAY46, San Francisco, CA",37.7635257,-122.440532
7,9,Cupressocyparis leylandii :: Leyland Cypress,"100 STAIRWAY4, San Francisco, CA",37.7635257,-122.440532
8,10,Cupressocyparis leylandii :: Leyland Cypress,"100 STAIRWAY25, San Francisco, CA",37.7635257,-122.440532
9,11,Cupressocyparis leylandii :: Leyland Cypress,"100 STAIRWAY4, San Francisco, CA",37.7635257,-122.440532
10,12,Cupressocyparis leylandii :: Leyland Cypress,"100 STAIRWAY4, San Francisco, CA",37.7635257,-122.440532
14,17,Cupressocyparis leylandii :: Leyland Cypress,"100 STAIRWAY4, San Francisco, CA",37.7635257,-122.440532
15,19,Cupressocyparis leylandii :: Leyland Cypress,"100 STAIRWAY4, San Francisco, CA",37.7635257,-122.440532
16,20,Cupressocyparis leylandii :: Leyland Cypress,"100 STAIRWAY35, San Francisco, CA",37.7635257,-122.440532
17,23,Cupressocyparis leylandii :: Leyland Cypress,"100 STAIRWAY35, San Francisco, CA",37.7635257,-122.440532
18,24,Cupressocyparis leylandii :: Leyland Cypress,"100 STAIRWAY46, San Francisco, CA",37.7635257,-122.440532
19,25,Cupressocyparis leylandii :: Leyland Cypress,"100 STAIRWAY35, San Francisco, CA",37.7635257,-122.440532
20,31,Cupressocyparis leylandii :: Leyland Cypress,"100 STAIRWAY4, San Francisco, CA",37.7635257,-122.440532
21,32,Cupressocyparis leylandii :: Leyland Cypress,"100 STAIRWAY46, San Francisco, CA",37.7635257,-122.440532
26,42,Cupressus macrocarpa :: Monterey Cypress,"100 STAIRWAY45, San Francisco, CA",37.7635257,-122.440532
29,45,Prunus cerasifera :: Cherry Plum,"100 STAIRWAY51, San Francisco, CA",37.7635257,-122.440532
36,59,Prunus blireiana :: Flowering Plum,"100 STAIRWAY52, San Francisco, CA",37.7635257,-122.440532
47,85,Pinus radiata :: Monterey Pine,"100 STAIRWAY43, San Francisco, CA",37.7635257,-122.440532
52,96,Pinus Spp :: Pine Spp,"100 STAIRWAY46, San Francisco, CA",37.7635257,-122.440532
53,97,Prunus blireiana :: Flowering Plum,"100 STAIRWAY46, San Francisco, CA",37.7635257,-122.440532
62,114,Sequoia sempervirens :: Coast Redwood,"100 STAIRWAY47, San Francisco, CA",37.7635257,-122.440532
64,117,Juniperus chinensis :: Juniper,"100 STAIRWAY25, San Francisco, CA",37.7635257,-122.440532
72,127,Lophostemon confertus :: Brisbane Box,"100 STAIRWAY33, San Francisco, CA",37.7635257,-122.440532
73,128,Pittosporum crassifolium :: Karo Tree,"100 STAIRWAY17, San Francisco, CA",37.7635257,-122.440532
77,136,Cordyline australis :: Dracena Palm,"100 STAIRWAY52, San Francisco, CA",37.7635257,-122.440532
78,137,Eriobotrya japonica :: Edible Loquat,"100 STAIRWAY25, San Francisco, CA",37.7635257,-122.440532
80,142,Cupressus macrocarpa :: Monterey Cypress,"100 STAIRWAY1, San Francisco, CA",37.7635257,-122.440532
81,143,Citrus spp :: Lemon: Orange: Lime,"100 STAIRWAY37, San Francisco, CA",37.7635257,-122.440532
86,161,Cupressus macrocarpa :: Monterey Cypress,"100 STAIRWAY39, San Francisco, CA",37.7635257,-122.440532
94,184,Acacia melanoxylon :: Blackwood Acacia,"100 STAIRWAY25, San Francisco, CA",37.7635257,-122.440532
95,186,Pinus Spp :: Pine Spp,"100 STAIRWAY13, San Francisco, CA",37.7635257,-122.440532
100,199,Acacia melanoxylon :: Blackwood Acacia,"100 STAIRWAY48, San Francisco, CA",37.7635257,-122.440532
104,211,Prunus cerasifera :: Cherry Plum,"100 STAIRWAY51, San Francisco, CA",37.7635257,-122.440532
108,220,Eucalyptus Spp :: Eucalyptus,"100 STAIRWAY16, San Francisco, CA",37.7635257,-122.440532
111,228,Syzygium paniculatum :: Brush Cherry,"100 STAIRWAY33, San Francisco, CA",37.7635257,-122.440532
113,231,Fraxinus velutina 'Glabra' :: Arizona Ash,"100 STAIRWAY56, San Francisco, CA",37.7635257,-122.440532
116,235,Liquidambar styraciflua :: American Sweet Gum,"100 STAIRWAY4, San Francisco, CA",37.7635257,-122.440532
119,246,Pittosporum tenuifolium :: Tawhiwhi Pittosporum,"100 STAIRWAY25, San Francisco, CA",37.7635257,-122.440532
124,253,Pinus Spp :: Pine Spp,"100 STAIRWAY16, San Francisco, CA",37.7635257,-122.440532
129,264,Pinus Spp :: Pine Spp,"100 STAIRWAY51, San Francisco, CA",37.7635257,-122.440532
130,266,Pinus Spp :: Pine Spp,"100 STAIRWAY46, San Francisco, CA",37.7635257,-122.440532
131,268,Pinus Spp :: Pine Spp,"100 STAIRWAY30, San Francisco, CA",37.7635257,-122.440532
132,271,Cupressus macrocarpa :: Monterey Cypress,"100 STAIRWAY38, San Francisco, CA",37.7635257,-122.440532
134,274,Pittosporum undulatum :: Victorian Box,"100 STAIRWAY46, San Francisco, CA",37.7635257,-122.440532
136,280,Melaleuca spp :: Melaleuca spp,"100 STAIRWAY13, San Francisco, CA",37.7635257,-122.440532
140,294,Cedrus deodara :: Deodar Cedar,"100 STAIRWAY25, San Francisco, CA",37.7635257,-122.440532
144,304,Eucalyptus Spp :: Eucalyptus,"100 STAIRWAY33, San Francisco, CA",37.7635257,-122.440532
145,313,Myoporum laetum :: Myoporum,"100 STAIRWAY16, San Francisco, CA",37.7635257,-122.440532
146,334,Eucalyptus globulus :: Blue Gum,"100 STAIRWAY48, San Francisco, CA",37.7635257,-122.440532
151,349,Schinus molle :: California Pepper,"100 STAIRWAY44, San Francisco, CA",37.7635257,-122.440532
158,370,Prunus spp :: Cherry,"100 STAIRWAY9, San Francisco, CA",37.7635257,-122.440532
160,372,Acacia baileyana :: Bailey's Acacia,"100 STAIRWAY14, San Francisco, CA",37.7635257,-122.440532
162,379,Pinus Spp :: Pine Spp,"100 STAIRWAY14, San Francisco, CA",37.7635257,-122.440532
165,389,Prunus spp :: Cherry,"100 STAIRWAY40, San Francisco, CA",37.7635257,-122.440532
166,391,Pinus radiata :: Monterey Pine,"100 STAIRWAY18, San Francisco, CA",37.7635257,-122.440532
175,426,Juniperus chinensis :: Juniper,"100 STAIRWAY45, San Francisco, CA",37.7635257,-122.440532
180,454,Cupressus macrocarpa :: Monterey Cypress,"100 STAIRWAY11, San Francisco, CA",37.7635257,-122.440532
181,455,Pinus Spp :: Pine Spp,"100 STAIRWAY24, San Francisco, CA",37.7635257,-122.440532
183,458,Pinus Spp :: Pine Spp,"100 STAIRWAY14, San Francisco, CA",37.7635257,-122.440532
184,459,Eucalyptus Spp :: Eucalyptus,"100 STAIRWAY14, San Francisco, CA",37.7635257,-122.440532
185,460,Pinus Spp :: Pine Spp,"100 STAIRWAY30, San Francisco, CA",37.7635257,-122.440532
186,461,Pinus Spp :: Pine Spp,"100 STAIRWAY14, San Francisco, CA",37.7635257,-122.440532
189,465,Eucalyptus nicholii :: Nichol's Willow-Leafed Peppermint,"100 STAIRWAY20, San Francisco, CA",37.7635257,-122.440532
190,468,Cupressus macrocarpa :: Monterey Cypress,"100 STAIRWAY35, San Francisco, CA",37.7635257,-122.440532
191,472,Pinus Spp :: Pine Spp,"100 STAIRWAY13, San Francisco, CA",37.7635257,-122.440532
192,473,Robinia pseudoacacia :: Black Locust,"100 STAIRWAY25, San Francisco, CA",37.7635257,-122.440532
193,477,Ulmus pumila :: Siberian Elm,"100 STAIRWAY19, San Francisco, CA",37.7635257,-122.440532
195,483,Cupressus macrocarpa :: Monterey Cypress,"100 STAIRWAY35, San Francisco, CA",37.7635257,-122.440532
199,498,Sequoiadendron giganteum :: Sierra Redwood,"100 STAIRWAY25, San Francisco, CA",37.7635257,-122.440532
201,503,Cupressus macrocarpa :: Monterey Cypress,"100 STAIRWAY22, San Francisco, CA",37.7635257,-122.440532
203,508,Prunus blireiana :: Flowering Plum,"100 STAIRWAY4, San Francisco, CA",37.7635257,-122.440532
205,510,Cupressus macrocarpa :: Monterey Cypress,"100 STAIRWAY38, San Francisco, CA",37.7635257,-122.440532
206,512,Prunus spp :: Cherry,"100 STAIRWAY40, San Francisco, CA",37.7635257,-122.440532
208,514,Cupressus macrocarpa :: Monterey Cypress,"100 STAIRWAY1, San Francisco, CA",37.7635257,-122.440532
209,516,Acacia melanoxylon :: Blackwood Acacia,"100 STAIRWAY48, San Francisco, CA",37.7635257,-122.440532
210,518,Cedrus deodara :: Deodar Cedar,"100 STAIRWAY25, San Francisco, CA",37.7635257,-122.440532
217,548,Eucalyptus Spp :: Eucalyptus,"100 STAIRWAY16, San Francisco, CA",37.7635257,-122.440532
218,552,Pinus Spp :: Pine Spp,"100 STAIRWAY14, San Francisco, CA",37.7635257,-122.440532
223,563,Acacia baileyana :: Bailey's Acacia,"100 STAIRWAY54, San Francisco, CA",37.7635257,-122.440532
225,567,Eucalyptus Spp :: Eucalyptus,"100 STAIRWAY35, San Francisco, CA",37.7635257,-122.440532
226,569,Eriobotrya japonica :: Edible Loquat,"100 STAIRWAY19, San Francisco, CA",37.7635257,-122.440532
227,570,Acacia longifolia :: Golden Wattle,"100 STAIRWAY39, San Francisco, CA",37.7635257,-122.440532
228,571,Eucalyptus globulus :: Blue Gum,"100 STAIRWAY38, San Francisco, CA",37.7635257,-122.440532
229,572,Magnolia grandiflora :: Southern Magnolia,"100 STAIRWAY27, San Francisco, CA",37.7635257,-122.440532
230,573,Pinus Spp :: Pine Spp,"100 STAIRWAY30, San Francisco, CA",37.7635257,-122.440532
233,581,Pittosporum undulatum :: Victorian Box,"100 STAIRWAY51, San Francisco, CA",37.7635257,-122.440532
234,582,Eriobotrya japonica :: Edible Loquat,"100 STAIRWAY25, San Francisco, CA",37.7635257,-122.440532
235,585,Cedrus deodara :: Deodar Cedar,"100 STAIRWAY25, San Francisco, CA",37.7635257,-122.440532
238,596,Sequoia sempervirens :: Coast Redwood,"100 STAIRWAY24, San Francisco, CA",37.7635257,-122.440532
239,600,Prunus cerasifera :: Cherry Plum,"100 STAIRWAY51, San Francisco, CA",37.7635257,-122.440532
241,605,Ginkgo biloba :: Maidenhair Tree,"100 STAIRWAY25, San Francisco, CA",37.7635257,-122.440532
243,607,Metrosideros excelsa :: New Zealand Xmas Tree,"100 STAIRWAY4, San Francisco, CA",37.7635257,-122.440532
251,634,Acacia melanoxylon :: Blackwood Acacia,"100 STAIRWAY48, San Francisco, CA",37.7635257,-122.440532
252,635,Eucalyptus Spp :: Eucalyptus,"100 STAIRWAY46, San Francisco, CA",37.7635257,-122.440532
255,643,Pinus Spp :: Pine Spp,"100 STAIRWAY46, San Francisco, CA",37.7635257,-122.440532
256,644,Phoenix canariensis :: Canary Island Date Palm,"100 STAIRWAY19, San Francisco, CA",37.7635257,-122.440532
259,654,Acacia longifolia :: Golden Wattle,"100 STAIRWAY41, San Francisco, CA",37.7635257,-122.440532
263,662,Metrosideros excelsa :: New Zealand Xmas Tree,"100 STAIRWAY4, San Francisco, CA",37.7635257,-122.440532
264,664,Cupressus macrocarpa :: Monterey Cypress,"100 STAIRWAY38, San Francisco, CA",37.7635257,-122.440532
267,667,Melaleuca spp :: Melaleuca spp,"100 STAIRWAY13, San Francisco, CA",37.7635257,-122.440532
268,669,Eucalyptus globulus :: Blue Gum,"100 STAIRWAY38, San Francisco, CA",37.7635257,-122.440532
271,676,Eucalyptus globulus :: Blue Gum,"100 STAIRWAY48, San Francisco, CA",37.7635257,-122.440532
274,683,Acacia baileyana :: Bailey's Acacia,"100 STAIRWAY54, San Francisco, CA",37.7635257,-122.440532
275,684,Acacia longifolia :: Golden Wattle,"100 STAIRWAY17, San Francisco, CA",37.7635257,-122.440532
280,697,Pittosporum undulatum :: Victorian Box,"100 STAIRWAY46, San Francisco, CA",37.7635257,-122.440532
289,722,Acacia spp :: Acacia Spp,"100 STAIRWAY22, San Francisco, CA",37.7635257,-122.440532
294,737,Acacia longifolia :: Golden Wattle,"100 STAIRWAY18, San Francisco, CA",37.7635257,-122.440532
297,743,Eriobotrya japonica :: Edible Loquat,"100 STAIRWAY37, San Francisco, CA",37.7635257,-122.440532
300,751,Melaleuca spp :: Melaleuca spp,"100 STAIRWAY13, San Francisco, CA",37.7635257,-122.440532
303,760,Eucalyptus globulus :: Blue Gum,"100 STAIRWAY38, San Francisco, CA",37.7635257,-122.440532
305,767,Eucalyptus Spp :: Eucalyptus,"100 STAIRWAY25, San Francisco, CA",37.7635257,-122.440532
310,779,Eucalyptus Spp :: Eucalyptus,"100 STAIRWAY46, San Francisco, CA",37.7635257,-122.440532
311,780,Pittosporum undulatum :: Victorian Box,"100 STAIRWAY51, San Francisco, CA",37.7635257,-122.440532
312,781,Sequoiadendron giganteum :: Sierra Redwood,"100 STAIRWAY37, San Francisco, CA",37.7635257,-122.440532
313,783,Populus nigra 'Italica' :: Lombardy Poplar,"100 STAIRWAY25, San Francisco, CA",37.7635257,-122.440532
315,786,Eucalyptus Spp :: Eucalyptus,"100 STAIRWAY1, San Francisco, CA",37.7635257,-122.440532
317,796,Cupressus macrocarpa :: Monterey Cypress,"100 STAIRWAY35, San Francisco, CA",37.7635257,-122.440532
318,800,Corymbia ficifolia :: Red Flowering Gum,"100 STAIRWAY46, San Francisco, CA",37.7635257,-122.440532
323,813,Melaleuca spp :: Melaleuca spp,"100 STAIRWAY13, San Francisco, CA",37.7635257,-122.440532
324,816,Malus :: Crab Apple,"100 STAIRWAY29, San Francisco, CA",37.7635257,-122.440532
325,817,Pinus Spp :: Pine Spp,"100 STAIRWAY14, San Francisco, CA",37.7635257,-122.440532
329,822,Pinus Spp :: Pine Spp,"100 STAIRWAY35, San Francisco, CA",37.7635257,-122.440532
331,824,Prunus cerasifera :: Cherry Plum,"100 STAIRWAY51, San Francisco, CA",37.7635257,-122.440532
334,830,Prunus cerasifera :: Cherry Plum,"100 STAIRWAY51, San Francisco, CA",37.7635257,-122.440532
335,834,Eucalyptus Spp :: Eucalyptus,"100 STAIRWAY46, San Francisco, CA",37.7635257,-122.440532
343,857,Sequoia sempervirens :: Coast Redwood,"100 STAIRWAY55, San Francisco, CA",37.7635257,-122.440532
344,858,Cupressus macrocarpa :: Monterey Cypress,"100 STAIRWAY38, San Francisco, CA",37.7635257,-122.440532
346,866,Pinus radiata :: Monterey Pine,"100 STAIRWAY53, San Francisco, CA",37.7635257,-122.440532
347,872,Syzygium paniculatum :: Brush Cherry,"100 STAIRWAY33, San Francisco, CA",37.7635257,-122.440532
349,883,Cupressus macrocarpa :: Monterey Cypress,"100 STAIRWAY1, San Francisco, CA",37.7635257,-122.440532
351,887,Pinus radiata :: Monterey Pine,"100 STAIRWAY55, San Francisco, CA",37.7635257,-122.440532
358,911,Fraxinus velutina 'Glabra' :: Arizona Ash,"100 STAIRWAY56, San Francisco, CA",37.7635257,-122.440532
361,932,Acacia longifolia :: Golden Wattle,"100 STAIRWAY36, San Francisco, CA",37.7635257,-122.440532
362,935,Fraxinus velutina 'Glabra' :: Arizona Ash,"100 STAIRWAY56, San Francisco, CA",37.7635257,-122.440532
366,948,Acacia melanoxylon :: Blackwood Acacia,"100 STAIRWAY48, San Francisco, CA",37.7635257,-122.440532
369,959,Eucalyptus Spp :: Eucalyptus,"100 STAIRWAY33, San Francisco, CA",37.7635257,-122.440532
370,961,Fraxinus velutina 'Glabra' :: Arizona Ash,"100 STAIRWAY56, San Francisco, CA",37.7635257,-122.440532
372,965,Prunus blireiana :: Flowering Plum,"100 STAIRWAY55, San Francisco, CA",37.7635257,-122.440532
375,972,Acacia baileyana :: Bailey's Acacia,"100 STAIRWAY54, San Francisco, CA",37.7635257,-122.440532
377,980,Pinus Spp :: Pine Spp,"100 STAIRWAY47, San Francisco, CA",37.7635257,-122.440532
381,995,Eucalyptus Spp :: Eucalyptus,"100 STAIRWAY33, San Francisco, CA",37.7635257,-122.440532
382,1002,Eucalyptus Spp :: Eucalyptus,"100 STAIRWAY49, San Francisco, CA",37.7635257,-122.440532
383,1003,Ulmus pumila :: Siberian Elm,"100 STAIRWAY19, San Francisco, CA",37.7635257,-122.440532
386,1013,Maytenus boaria :: Mayten,"100 STAIRWAY19, San Francisco, CA",37.7635257,-122.440532
390,1032,Cupressus macrocarpa :: Monterey Cypress,"100 STAIRWAY39, San Francisco, CA",37.7635257,-122.440532
392,1039,Acacia melanoxylon :: Blackwood Acacia,"100 STAIRWAY41, San Francisco, CA",37.7635257,-122.440532
394,1043,Prunus blireiana :: Flowering Plum,"100 STAIRWAY37, San Francisco, CA",37.7635257,-122.440532
396,1047,Sequoiadendron giganteum :: Sierra Redwood,"100 STAIRWAY25, San Francisco, CA",37.7635257,-122.440532
397,1050,Pyrus kawakamii :: Evergreen Pear,"100 STAIRWAY44, San Francisco, CA",37.7635257,-122.440532
398,1052,Eucalyptus Spp :: Eucalyptus,"100 STAIRWAY16, San Francisco, CA",37.7635257,-122.440532
402,1057,Acacia longifolia :: Golden Wattle,"100 STAIRWAY33, San Francisco, CA",37.7635257,-122.440532
403,1059,Cupressus macrocarpa :: Monterey Cypress,"100 STAIRWAY39, San Francisco, CA",37.7635257,-122.440532
404,1062,Pinus Spp :: Pine Spp,"100 STAIRWAY47, San Francisco, CA",37.7635257,-122.440532
405,1063,Pinus Spp :: Pine Spp,"100 STAIRWAY30, San Francisco, CA",37.7635257,-122.440532
407,1066,Acacia melanoxylon :: Blackwood Acacia,"100 STAIRWAY48, San Francisco, CA",37.7635257,-122.440532
408,1067,Schinus molle :: California Pepper,"100 STAIRWAY25, San Francisco, CA",37.7635257,-122.440532
409,1074,Eucalyptus Spp :: Eucalyptus,"100 STAIRWAY52, San Francisco, CA",37.7635257,-122.440532
411,1080,Araucaria heterophylla :: Norfolk Island Pine,"100 STAIRWAY24, San Francisco, CA",37.7635257,-122.440532
413,1082,Cedrus deodara :: Deodar Cedar,"100 STAIRWAY13, San Francisco, CA",37.7635257,-122.440532
418,1094,Pinus Spp :: Pine Spp,"100 STAIRWAY13, San Francisco, CA",37.7635257,-122.440532
420,1098,Pyrus calleryana 'Aristocrat' :: Aristocrat Callery Pear,"100 STAIRWAY37, San Francisco, CA",37.7635257,-122.440532
422,1105,Fraxinus velutina 'Glabra' :: Arizona Ash,"100 STAIRWAY56, San Francisco, CA",37.7635257,-122.440532
424,1114,Pinus radiata :: Monterey Pine,"100 STAIRWAY55, San Francisco, CA",37.7635257,-122.440532
425,1117,Populus nigra 'Italica' :: Lombardy Poplar,"100 STAIRWAY34, San Francisco, CA",37.7635257,-122.440532
430,1131,Myoporum laetum :: Myoporum,"100 STAIRWAY13, San Francisco, CA",37.7635257,-122.440532
431,1134,Acacia spp :: Acacia Spp,"100 STAIRWAY22, San Francisco, CA",37.7635257,-122.440532
434,1143,Pinus Spp :: Pine Spp,"100 STAIRWAY46, San Francisco, CA",37.7635257,-122.440532
437,1154,Pinus Spp :: Pine Spp,"100 STAIRWAY13, San Francisco, CA",37.7635257,-122.440532
438,1155,Pinus Spp :: Pine Spp,"100 STAIRWAY30, San Francisco, CA",37.7635257,-122.440532
440,1157,Sequoia sempervirens :: Coast Redwood,"100 STAIRWAY47, San Francisco, CA",37.7635257,-122.440532
441,1158,Syzygium paniculatum :: Brush Cherry,"100 STAIRWAY46, San Francisco, CA",37.7635257,-122.440532
442,1162,Eucalyptus Spp :: Eucalyptus,"100 STAIRWAY25, San Francisco, CA",37.7635257,-122.440532
443,1171,Maytenus boaria :: Mayten,"100 STAIRWAY19, San Francisco, CA",37.7635257,-122.440532
444,1175,Acacia melanoxylon :: Blackwood Acacia,"100 STAIRWAY48, San Francisco, CA",37.7635257,-122.440532
450,1189,Schinus molle :: California Pepper,"100 STAIRWAY13, San Francisco, CA",37.7635257,-122.440532
451,1192,Pinus Spp :: Pine Spp,"100 STAIRWAY47, San Francisco, CA",37.7635257,-122.440532
452,1194,Pinus canariensis :: Canary Island Pine,"100 STAIRWAY46, San Francisco, CA",37.7635257,-122.440532
454,1196,Juniperus chinensis :: Juniper,"100 STAIRWAY41, San Francisco, CA",37.7635257,-122.440532
455,1202,Eriobotrya japonica :: Edible Loquat,"100 STAIRWAY25, San Francisco, CA",37.7635257,-122.440532
456,1203,Quercus spp :: Oak,"100 STAIRWAY46, San Francisco, CA",37.7635257,-122.440532
457,1209,Prunus cerasifera :: Cherry Plum,"100 STAIRWAY51, San Francisco, CA",37.7635257,-122.440532
461,1232,Acacia melanoxylon :: Blackwood Acacia,"100 STAIRWAY19, San Francisco, CA",37.7635257,-122.440532
462,1234,Ulmus parvifolia :: Chinese Elm,"100 STAIRWAY46, San Francisco, CA",37.7635257,-122.440532
463,1237,Populus nigra 'Italica' :: Lombardy Poplar,"100 STAIRWAY34, San Francisco, CA",37.7635257,-122.440532
464,1238,Prunus spp :: Cherry,"100 STAIRWAY41, San Francisco, CA",37.7635257,-122.440532
466,1243,Pinus Spp :: Pine Spp,"100 STAIRWAY4, San Francisco, CA",37.7635257,-122.440532
467,1244,Fraxinus velutina 'Glabra' :: Arizona Ash,"100 STAIRWAY56, San Francisco, CA",37.7635257,-122.440532
468,1246,Pinus Spp :: Pine Spp,"100 STAIRWAY13, San Francisco, CA",37.7635257,-122.440532
471,1254,Acacia longifolia :: Golden Wattle,"100 STAIRWAY33, San Francisco, CA",37.7635257,-122.440532
473,1257,Cupressus macrocarpa :: Monterey Cypress,"100 STAIRWAY33, San Francisco, CA",37.7635257,-122.440532
474,1258,Cupressus macrocarpa :: Monterey Cypress,"100 STAIRWAY39, San Francisco, CA",37.7635257,-122.440532
478,1274,Pinus Spp :: Pine Spp,"100 STAIRWAY14, San Francisco, CA",37.7635257,-122.440532
479,1277,Prunus blireiana :: Flowering Plum,"100 STAIRWAY37, San Francisco, CA",37.7635257,-122.440532
480,1280,Acacia melanoxylon :: Blackwood Acacia,"100 STAIRWAY48, San Francisco, CA",37.7635257,-122.440532
481,1282,Cedrus deodara :: Deodar Cedar,"100 STAIRWAY13, San Francisco, CA",37.7635257,-122.440532
483,1289,Acacia baileyana :: Bailey's Acacia,"100 STAIRWAY54, San Francisco, CA",37.7635257,-122.440532
485,1292,Eucalyptus Spp :: Eucalyptus,"100 STAIRWAY1, San Francisco, CA",37.7635257,-122.440532
486,1293,Juniperus chinensis :: Juniper,"100 STAIRWAY41, San Francisco, CA",37.7635257,-122.440532
490,1306,Pinus Spp :: Pine Spp,"100 STAIRWAY46, San Francisco, CA",37.7635257,-122.440532
491,1310,Acacia baileyana :: Bailey's Acacia,"100 STAIRWAY19, San Francisco, CA",37.7635257,-122.440532
492,1311,Acacia melanoxylon :: Blackwood Acacia,"100 STAIRWAY48, San Francisco, CA",37.7635257,-122.440532
493,1313,Eucalyptus Spp :: Eucalyptus,"100 STAIRWAY35, San Francisco, CA",37.7635257,-122.440532
494,1318,Eucalyptus Spp :: Eucalyptus,"100 STAIRWAY35, San Francisco, CA",37.7635257,-122.440532
495,1319,Pittosporum undulatum :: Victorian Box,"100 STAIRWAY54, San Francisco, CA",37.7635257,-122.440532
497,1323,Eucalyptus Spp :: Eucalyptus,"100 STAIRWAY1, San Francisco, CA",37.7635257,-122.440532
500,1331,Populus nigra 'Italica' :: Lombardy Poplar,"100 STAIRWAY19, San Francisco, CA",37.7635257,-122.440532
503,1343,Pinus Spp :: Pine Spp,"100 STAIRWAY14, San Francisco, CA",37.7635257,-122.440532
506,1352,Pinus Spp :: Pine Spp,"100 STAIRWAY14, San Francisco, CA",37.7635257,-122.440532
508,1355,Fraxinus velutina 'Glabra' :: Arizona Ash,"100 STAIRWAY56, San Francisco, CA",37.7635257,-122.440532
511,1364,Sequoia sempervirens :: Coast Redwood,"100 STAIRWAY24, San Francisco, CA",37.7635257,-122.440532
515,1379,Acacia melanoxylon :: Blackwood Acacia,"100 STAIRWAY48, San Francisco, CA",37.7635257,-122.440532
518,1396,Prunus blireiana :: Flowering Plum,"100 STAIRWAY19, San Francisco, CA",37.7635257,-122.440532
523,1403,Pinus Spp :: Pine Spp,"100 STAIRWAY46, San Francisco, CA",37.7635257,-122.440532
525,1410,Acacia baileyana :: Bailey's Acacia,"100 STAIRWAY3, San Francisco, CA",37.7635257,-122.440532
527,1412,Acacia longifolia :: Golden Wattle,"100 STAIRWAY45, San Francisco, CA",37.7635257,-122.440532
532,1421,Cupressus macrocarpa :: Monterey Cypress,"100 STAIRWAY18, San Francisco, CA",37.7635257,-122.440532
534,1425,Pinus Spp :: Pine Spp,"100 STAIRWAY38, San Francisco, CA",37.7635257,-122.440532
535,1426,Prunus blireiana :: Flowering Plum,"100 STAIRWAY19, San Francisco, CA",37.7635257,-122.440532
537,1431,Prunus spp :: Cherry,"100 STAIRWAY9, San Francisco, CA",37.7635257,-122.440532
542,1445,Sequoia sempervirens :: Coast Redwood,"100 STAIRWAY4, San Francisco, CA",37.7635257,-122.440532
545,1451,Maytenus boaria :: Mayten,"100 STAIRWAY33, San Francisco, CA",37.7635257,-122.440532
549,1465,Pinus Spp :: Pine Spp,"100 STAIRWAY46, San Francisco, CA",37.7635257,-122.440532
550,1467,Eucalyptus nicholii :: Nichol's Willow-Leafed Peppermint,"100 STAIRWAY29, San Francisco, CA",37.7635257,-122.440532
552,1469,Pinus Spp :: Pine Spp,"100 STAIRWAY13, San Francisco, CA",37.7635257,-122.440532
553,1474,Eriobotrya japonica :: Edible Loquat,"100 STAIRWAY46, San Francisco, CA",37.7635257,-122.440532
556,1482,Ilex spp :: Holly Species,"100 STAIRWAY19, San Francisco, CA",37.7635257,-122.440532
557,1484,Prunus blireiana :: Flowering Plum,"100 STAIRWAY4, San Francisco, CA",37.7635257,-122.440532
558,1486,Olea europaea :: Olive Tree,"100 STAIRWAY16, San Francisco, CA",37.7635257,-122.440532
559,1487,Magnolia grandiflora :: Southern Magnolia,"100 STAIRWAY51, San Francisco, CA",37.7635257,-122.440532
561,1493,Schinus molle :: California Pepper,"100 STAIRWAY55, San Francisco, CA",37.7635257,-122.440532
564,1500,Ceratonia siliqua :: Carob,"100 STAIRWAY16, San Francisco, CA",37.7635257,-122.440532
565,1502,Cedrus deodara :: Deodar Cedar,"100 STAIRWAY4, San Francisco, CA",37.7635257,-122.440532
568,1507,Eucalyptus Spp :: Eucalyptus,"100 STAIRWAY33, San Francisco, CA",37.7635257,-122.440532
569,1516,Eucalyptus Spp :: Eucalyptus,"100 STAIRWAY25, San Francisco, CA",37.7635257,-122.440532
575,1531,Fraxinus velutina 'Glabra' :: Arizona Ash,"100 STAIRWAY56, San Francisco, CA",37.7635257,-122.440532
577,1535,Cupressus macrocarpa :: Monterey Cypress,"100 STAIRWAY38, San Francisco, CA",37.7635257,-122.440532
579,1537,Cupressus macrocarpa :: Monterey Cypress,"100 STAIRWAY11, San Francisco, CA",37.7635257,-122.440532
580,1540,Sequoia sempervirens :: Coast Redwood,"100 STAIRWAY4, San Francisco, CA",37.7635257,-122.440532
593,1579,Pinus Spp :: Pine Spp,"100 STAIRWAY46, San Francisco, CA",37.7635257,-122.440532
601,1600,Acacia longifolia :: Golden Wattle,"100 STAIRWAY33, San Francisco, CA",37.7635257,-122.440532
603,1602,Pinus Spp :: Pine Spp,"100 STAIRWAY14, San Francisco, CA",37.7635257,-122.440532
609,1622,Cupressus macrocarpa :: Monterey Cypress,"100 STAIRWAY47, San Francisco, CA",37.7635257,-122.440532
610,1625,Prunus amygdalus :: Almond,"100 STAIRWAY3, San Francisco, CA",37.7635257,-122.440532
612,1628,Metrosideros excelsa :: New Zealand Xmas Tree,"100 STAIRWAY33, San Francisco, CA",37.7635257,-122.440532
615,1642,Pinus Spp :: Pine Spp,"100 STAIRWAY47, San Francisco, CA",37.7635257,-122.440532
618,1649,Cupressus macrocarpa :: Monterey Cypress,"100 STAIRWAY38, San Francisco, CA",37.7635257,-122.440532
619,1652,Pinus Spp :: Pine Spp,"100 STAIRWAY19, San Francisco, CA",37.7635257,-122.440532
621,1661,Cupressus macrocarpa :: Monterey Cypress,"100 STAIRWAY24, San Francisco, CA",37.7635257,-122.440532
624,1671,Corymbia ficifolia :: Red Flowering Gum,"100 STAIRWAY46, San Francisco, CA",37.7635257,-122.440532
628,1701,Cedrus deodara :: Deodar Cedar,"100 STAIRWAY4, San Francisco, CA",37.7635257,-122.440532
631,1709,Myoporum laetum :: Myoporum,"100 STAIRWAY16, San Francisco, CA",37.7635257,-122.440532
632,1712,Pinus radiata :: Monterey Pine,"100 STAIRWAY53, San Francisco, CA",37.7635257,-122.440532
633,1717,Eriobotrya japonica :: Edible Loquat,"100 STAIRWAY25, San Francisco, CA",37.7635257,-122.440532
635,1721,Pinus Spp :: Pine Spp,"100 STAIRWAY13, San Francisco, CA",37.7635257,-122.440532
636,1728,Acacia baileyana :: Bailey's Acacia,"100 STAIRWAY54, San Francisco, CA",37.7635257,-122.440532
639,1732,Cordyline australis :: Dracena Palm,"100 STAIRWAY33, San Francisco, CA",37.7635257,-122.440532
641,1737,Pinus radiata :: Monterey Pine,"100 STAIRWAY43, San Francisco, CA",37.7635257,-122.440532
642,1738,Schinus molle :: California Pepper,"100 STAIRWAY44, San Francisco, CA",37.7635257,-122.440532
649,1763,Eucalyptus Spp :: Eucalyptus,"100 STAIRWAY37, San Francisco, CA",37.7635257,-122.440532
654,1774,Prunus spp :: Cherry,"100 STAIRWAY40, San Francisco, CA",37.7635257,-122.440532
655,1776,Acacia melanoxylon :: Blackwood Acacia,"100 STAIRWAY50, San Francisco, CA",37.7635257,-122.440532
656,1782,Citrus spp :: Lemon: Orange: Lime,"100 STAIRWAY37, San Francisco, CA",37.7635257,-122.440532
658,1787,Pinus pinea :: Italian Stone Pine,"100 STAIRWAY54, San Francisco, CA",37.7635257,-122.440532
662,1799,Fraxinus velutina 'Glabra' :: Arizona Ash,"100 STAIRWAY56, San Francisco, CA",37.7635257,-122.440532
663,1800,Pinus Spp :: Pine Spp,"100 STAIRWAY14, San Francisco, CA",37.7635257,-122.440532
664,1803,Phoenix canariensis :: Canary Island Date Palm,"100 STAIRWAY54, San Francisco, CA",37.7635257,-122.440532
666,1805,Fraxinus velutina 'Glabra' :: Arizona Ash,"100 STAIRWAY56, San Francisco, CA",37.7635257,-122.440532
667,1809,Acacia melanoxylon :: Blackwood Acacia,"100 STAIRWAY25, San Francisco, CA",37.7635257,-122.440532
669,1813,Pinus Spp :: Pine Spp,"100 STAIRWAY14, San Francisco, CA",37.7635257,-122.440532
670,1814,Cedrus deodara :: Deodar Cedar,"100 STAIRWAY25, San Francisco, CA",37.7635257,-122.440532
674,1824,Prunus cerasifera :: Cherry Plum,"100 STAIRWAY51, San Francisco, CA",37.7635257,-122.440532
675,1825,Cupressus macrocarpa :: Monterey Cypress,"100 STAIRWAY39, San Francisco, CA",37.7635257,-122.440532
676,1832,Pittosporum undulatum :: Victorian Box,"100 STAIRWAY51, San Francisco, CA",37.7635257,-122.440532
677,1836,Myoporum laetum :: Myoporum,"100 STAIRWAY13, San Francisco, CA",37.7635257,-122.440532
678,1838,Cupressus macrocarpa :: Monterey Cypress,"100 STAIRWAY39, San Francisco, CA",37.7635257,-122.440532
684,1850,Juniperus chinensis :: Juniper,"100 STAIRWAY41, San Francisco, CA",37.7635257,-122.440532
690,1869,Cupressus macrocarpa :: Monterey Cypress,"100 STAIRWAY7, San Francisco, CA",37.7635257,-122.440532
691,1871,Acacia baileyana :: Bailey's Acacia,"100 STAIRWAY54, San Francisco, CA",37.7635257,-122.440532
695,1885,Cupressus macrocarpa :: Monterey Cypress,"100 STAIRWAY1, San Francisco, CA",37.7635257,-122.440532
699,1894,Pittosporum undulatum :: Victorian Box,"100 STAIRWAY46, San Francisco, CA",37.7635257,-122.440532
702,1904,Melaleuca spp :: Melaleuca spp,"100 STAIRWAY13, San Francisco, CA",37.7635257,-122.440532
706,1927,Cupressus macrocarpa :: Monterey Cypress,"100 STAIRWAY1, San Francisco, CA",37.7635257,-122.440532
709,1932,Pinus canariensis :: Canary Island Pine,"100 STAIRWAY45, San Francisco, CA",37.7635257,-122.440532
712,1939,Liquidambar styraciflua :: American Sweet Gum,"100 STAIRWAY4, San Francisco, CA",37.7635257,-122.440532
713,1940,Eucalyptus Spp :: Eucalyptus,"100 STAIRWAY39, San Francisco, CA",37.7635257,-122.440532
715,1946,Pinus Spp :: Pine Spp,"100 STAIRWAY44, San Francisco, CA",37.7635257,-122.440532
716,1949,Eucalyptus Spp :: Eucalyptus,"100 STAIRWAY1, San Francisco, CA",37.7635257,-122.440532
717,1951,Acacia baileyana :: Bailey's Acacia,"100 STAIRWAY54, San Francisco, CA",37.7635257,-122.440532
718,1954,Eucalyptus Spp :: Eucalyptus,"100 STAIRWAY52, San Francisco, CA",37.7635257,-122.440532
719,1957,Eucalyptus globulus :: Blue Gum,"100 STAIRWAY38, San Francisco, CA",37.7635257,-122.440532
721,1962,Populus nigra 'Italica' :: Lombardy Poplar,"100 STAIRWAY52, San Francisco, CA",37.7635257,-122.440532
724,1973,Eucalyptus Spp :: Eucalyptus,"100 STAIRWAY33, San Francisco, CA",37.7635257,-122.440532
727,1979,Eucalyptus Spp :: Eucalyptus,"100 STAIRWAY33, San Francisco, CA",37.7635257,-122.440532
731,1991,Pseudotsuga menziesii :: Douglas Fir,"100 STAIRWAY45, San Francisco, CA",37.7635257,-122.440532
734,1997,Cordyline australis :: Dracena Palm,"100 STAIRWAY52, San Francisco, CA",37.7635257,-122.440532
738,2004,Pinus Spp :: Pine Spp,"100 STAIRWAY14, San Francisco, CA",37.7635257,-122.440532
739,2006,Liquidambar styraciflua :: American Sweet Gum,"100 STAIRWAY4, San Francisco, CA",37.7635257,-122.440532
741,2010,Pittosporum undulatum :: Victorian Box,"100 STAIRWAY51, San Francisco, CA",37.7635257,-122.440532
743,2028,Prunus blireiana :: Flowering Plum,"100 STAIRWAY25, San Francisco, CA",37.7635257,-122.440532
748,2037,Metrosideros excelsa :: New Zealand Xmas Tree,"100 STAIRWAY4, San Francisco, CA",37.7635257,-122.440532
749,2039,Eucalyptus Spp :: Eucalyptus,"100 STAIRWAY33, San Francisco, CA",37.7635257,-122.440532
751,2042,Pyrus calleryana 'Aristocrat' :: Aristocrat Callery Pear,"100 STAIRWAY37, San Francisco, CA",37.7635257,-122.440532
754,2046,Olea europaea :: Olive Tree,"100 STAIRWAY33, San Francisco, CA",37.7635257,-122.440532
756,2050,Lophostemon confertus :: Brisbane Box,"100 STAIRWAY33, San Francisco, CA",37.7635257,-122.440532
757,2052,Acacia longifolia :: Golden Wattle,"100 STAIRWAY39, San Francisco, CA",37.7635257,-122.440532
759,2057,Acacia baileyana :: Bailey's Acacia,"100 STAIRWAY54, San Francisco, CA",37.7635257,-122.440532
760,2060,Acacia baileyana :: Bailey's Acacia,"100 STAIRWAY54, San Francisco, CA",37.7635257,-122.440532
761,2067,Pinus Spp :: Pine Spp,"100 STAIRWAY30, San Francisco, CA",37.7635257,-122.440532
762,2074,Eucalyptus Spp :: Eucalyptus,"100 STAIRWAY13, San Francisco, CA",37.7635257,-122.440532
763,2076,Liquidambar styraciflua :: American Sweet Gum,"100 STAIRWAY4, San Francisco, CA",37.7635257,-122.440532
766,2081,Sequoiadendron giganteum :: Sierra Redwood,"100 STAIRWAY55, San Francisco, CA",37.7635257,-122.440532
767,2083,Eucalyptus Spp :: Eucalyptus,"100 STAIRWAY1, San Francisco, CA",37.7635257,-122.440532
770,2087,Sequoiadendron giganteum :: Sierra Redwood,"100 STAIRWAY4, San Francisco, CA",37.7635257,-122.440532
772,2091,Prunus blireiana :: Flowering Plum,"100 STAIRWAY37, San Francisco, CA",37.7635257,-122.440532
773,2109,Pinus Spp :: Pine Spp,"100 STAIRWAY35, San Francisco, CA",37.7635257,-122.440532
775,2118,Cedrus deodara :: Deodar Cedar,"100 STAIRWAY4, San Francisco, CA",37.7635257,-122.440532
776,2121,Cupressus macrocarpa :: Monterey Cypress,"100 STAIRWAY35, San Francisco, CA",37.7635257,-122.440532
778,2126,Sequoia sempervirens :: Coast Redwood,"100 STAIRWAY4, San Francisco, CA",37.7635257,-122.440532
779,2131,Eucalyptus nicholii :: Nichol's Willow-Leafed Peppermint,"100 STAIRWAY29, San Francisco, CA",37.7635257,-122.440532
782,2142,Cupressus macrocarpa :: Monterey Cypress,"100 STAIRWAY39, San Francisco, CA",37.7635257,-122.440532
783,2145,Pinus Spp :: Pine Spp,"100 STAIRWAY14, San Francisco, CA",37.7635257,-122.440532
788,2161,Pinus canariensis :: Canary Island Pine,"100 STAIRWAY45, San Francisco, CA",37.7635257,-122.440532
792,2165,Acacia longifolia :: Golden Wattle,"100 STAIRWAY39, San Francisco, CA",37.7635257,-122.440532
797,2190,Lophostemon confertus :: Brisbane Box,"100 STAIRWAY33, San Francisco, CA",37.7635257,-122.440532
798,2192,Acacia spp :: Acacia Spp,"100 STAIRWAY22, San Francisco, CA",37.7635257,-122.440532
799,2197,Pittosporum undulatum :: Victorian Box,"100 STAIRWAY25, San Francisco, CA",37.7635257,-122.440532
801,2200,Pittosporum undulatum :: Victorian Box,"100 STAIRWAY46, San Francisco, CA",37.7635257,-122.440532
802,2201,Pinus Spp :: Pine Spp,"100 STAIRWAY14, San Francisco, CA",37.7635257,-122.440532
806,2213,Ilex spp :: Holly Species,"100 STAIRWAY25, San Francisco, CA",37.7635257,-122.440532
807,2216,Maytenus boaria :: Mayten,"100 STAIRWAY19, San Francisco, CA",37.7635257,-122.440532
811,2222,Pinus radiata :: Monterey Pine,"100 STAIRWAY29, San Francisco, CA",37.7635257,-122.440532
813,2225,Acacia melanoxylon :: Blackwood Acacia,"100 STAIRWAY48, San Francisco, CA",37.7635257,-122.440532
814,2230,Fraxinus velutina 'Glabra' :: Arizona Ash,"100 STAIRWAY56, San Francisco, CA",37.7635257,-122.440532
815,2235,Washingtonia filifera :: California Fan Palm,"100 STAIRWAY41, San Francisco, CA",37.7635257,-122.440532
817,2240,Pinus Spp :: Pine Spp,"100 STAIRWAY14, San Francisco, CA",37.7635257,-122.440532
821,2250,Pinus Spp :: Pine Spp,"100 STAIRWAY30, San Francisco, CA",37.7635257,-122.440532
823,2257,Pinus pinea :: Italian Stone Pine,"100 STAIRWAY18, San Francisco, CA",37.7635257,-122.440532
825,2263,Ceratonia siliqua :: Carob,"100 STAIRWAY41, San Francisco, CA",37.7635257,-122.440532
827,2268,Fraxinus velutina 'Glabra' :: Arizona Ash,"100 STAIRWAY56, San Francisco, CA",37.7635257,-122.440532
828,2269,Acacia spp :: Acacia Spp,"100 STAIRWAY4, San Francisco, CA",37.7635257,-122.440532
832,2283,Pinus Spp :: Pine Spp,"100 STAIRWAY30, San Francisco, CA",37.7635257,-122.440532
836,2290,Araucaria heterophylla :: Norfolk Island Pine,"100 STAIRWAY24, San Francisco, CA",37.7635257,-122.440532
838,2292,Myoporum laetum :: Myoporum,"100 STAIRWAY13, San Francisco, CA",37.7635257,-122.440532
839,2293,Cupressus macrocarpa :: Monterey Cypress,"100 STAIRWAY35, San Francisco, CA",37.7635257,-122.440532
840,2301,Eucalyptus Spp :: Eucalyptus,"100 STAIRWAY1, San Francisco, CA",37.7635257,-122.440532
841,2303,Eucalyptus Spp :: Eucalyptus,"100 STAIRWAY46, San Francisco, CA",37.7635257,-122.440532
842,2307,Acacia baileyana :: Bailey's Acacia,"100 STAIRWAY54, San Francisco, CA",37.7635257,-122.440532
846,2317,Acacia longifolia :: Golden Wattle,"100 STAIRWAY25, San Francisco, CA",37.7635257,-122.440532
848,2331,Pinus Spp :: Pine Spp,"100 STAIRWAY26, San Francisco, CA",37.7635257,-122.440532
849,2348,Eucalyptus Spp :: Eucalyptus,"100 STAIRWAY46, San Francisco, CA",37.7635257,-122.440532
856,2375,Lophostemon confertus :: Brisbane Box,"100 STAIRWAY33, San Francisco, CA",37.7635257,-122.440532
857,2376,Cupressus macrocarpa :: Monterey Cypress,"100 STAIRWAY39, San Francisco, CA",37.7635257,-122.440532
858,2384,Eucalyptus globulus :: Blue Gum,"100 STAIRWAY38, San Francisco, CA",37.7635257,-122.440532
860,2392,Pinus radiata :: Monterey Pine,"100 STAIRWAY52, San Francisco, CA",37.7635257,-122.440532
862,2399,Olea europaea :: Olive Tree,"100 STAIRWAY16, San Francisco, CA",37.7635257,-122.440532
864,2410,Sequoia sempervirens :: Coast Redwood,"100 STAIRWAY24, San Francisco, CA",37.7635257,-122.440532
865,2413,Cupressus macrocarpa :: Monterey Cypress,"100 STAIRWAY35, San Francisco, CA",37.7635257,-122.440532
866,2416,Melaleuca spp :: Melaleuca spp,"100 STAIRWAY13, San Francisco, CA",37.7635257,-122.440532
868,2434,Prunus blireiana :: Flowering Plum,"100 STAIRWAY17, San Francisco, CA",37.7635257,-122.440532
869,2435,Pinus radiata :: Monterey Pine,"100 STAIRWAY45, San Francisco, CA",37.7635257,-122.440532
870,2436,Malus :: Crab Apple,"100 STAIRWAY37, San Francisco, CA",37.7635257,-122.440532
873,2442,Magnolia x soulangiana 'Rustica Rubra' :: Chinese Magnolia,"100 STAIRWAY19, San Francisco, CA",37.7635257,-122.440532
874,2447,Acacia longifolia :: Golden Wattle,"100 STAIRWAY17, San Francisco, CA",37.7635257,-122.440532
177,434,Liquidambar styraciflua :: American Sweet Gum,"347 21st St, San Francisco, CA",37.7559255,-122.437297
224,565,Leptospermum scoparium :: New Zealand Tea Tree,"1100X Duncan St, San Francisco, CA",37.745506,-122.4368475
926,2504,Cupressus sempervirens :: Italian Cypress,"2500X Market St, San Francisco, CA",37.762252,-122.436448
916,2493,Brugmansia spp :: Angel trumpet,"2423 Market St, San Francisco, CA",37.7622281,-122.4358625
428,1125,Olea europaea :: Olive Tree,"0 19th St, San Francisco, CA",37.7593265,-122.4342965
592,1577,Olea europaea :: Olive Tree,"0 19th St, San Francisco, CA",37.7593265,-122.4342965
682,1848,Olea europaea :: Olive Tree,"0 19th St, San Francisco, CA",37.7593265,-122.4342965
3,4,Melaleuca quinquenervia :: Cajeput,"85X Sussex St, San Francisco, CA",37.7371298,-122.4342911
5,7,Melaleuca quinquenervia :: Cajeput,"85X Sussex St, San Francisco, CA",37.7371298,-122.4342911
894,2471,Cupressocyparis leylandii :: Leyland Cypress,"4357x Mission St, San Francisco, CA",37.7279574,-122.4320334
898,2475,Cupressocyparis leylandii :: Leyland Cypress,"4357x Mission St, San Francisco, CA",37.7279574,-122.4320334
899,2476,Cupressocyparis leylandii :: Leyland Cypress,"4357x Mission St, San Francisco, CA",37.7279574,-122.4320334
87,165,Magnolia grandiflora :: Southern Magnolia,"0 Steiner St, San Francisco, CA",37.7712164,-122.4319692
182,457,Acacia melanoxylon :: Blackwood Acacia,"0 Steiner St, San Francisco, CA",37.7712164,-122.4319692
341,855,Magnolia grandiflora :: Southern Magnolia,"0 Steiner St, San Francisco, CA",37.7712164,-122.4319692
447,1183,Magnolia grandiflora :: Southern Magnolia,"0 Steiner St, San Francisco, CA",37.7712164,-122.4319692
613,1630,Acacia melanoxylon :: Blackwood Acacia,"0 Steiner St, San Francisco, CA",37.7712164,-122.4319692
877,2453,Pinus radiata :: Monterey Pine,"299x Avalon Ave, San Francisco, CA",37.7266846,-122.4303289
878,2454,Myoporum laetum :: Myoporum,"299x Avalon Ave, San Francisco, CA",37.7266846,-122.4303289
879,2455,Cupressocyparis leylandii :: Leyland Cypress,"299x Avalon Ave, San Francisco, CA",37.7266846,-122.4303289
883,2459,Cupressus macrocarpa :: Monterey Cypress,"299x Avalon Ave, San Francisco, CA",37.7266846,-122.4303289
76,135,Maytenus boaria :: Mayten,"3739 Landers St, San Francisco, CA",37.7651096,-122.4276578
155,366,Melaleuca ericifolia :: Heath Melaleuca,"78 Saint Mary's Ave, San Francisco, CA",37.734688,-122.427241
927,2505,Arbutus 'Marina' :: Hybrid Strawberry Tree,"799 Avalon Ave, San Francisco, CA",37.7248388,-122.4261911
56,101,Acacia stenophylla :: Shoestring Acacia,"100X Guerrero St, San Francisco, CA",37.7701098,-122.4245703
69,124,Acacia stenophylla :: Shoestring Acacia,"100X Guerrero St, San Francisco, CA",37.7701098,-122.4245703
876,2452,Acacia stenophylla :: Shoestring Acacia,"100X Guerrero St, San Francisco, CA",37.7701098,-122.4245703
880,2456,Acacia stenophylla :: Shoestring Acacia,"100X Guerrero St, San Francisco, CA",37.7701098,-122.4245703
901,2478,Acacia stenophylla :: Shoestring Acacia,"100X Guerrero St, San Francisco, CA",37.7701098,-122.4245703
902,2479,Acacia stenophylla :: Shoestring Acacia,"100X Guerrero St, San Francisco, CA",37.7701098,-122.4245703
903,2480,Acacia stenophylla :: Shoestring Acacia,"100X Guerrero St, San Francisco, CA",37.7701098,-122.4245703
904,2481,Acacia stenophylla :: Shoestring Acacia,"100X Guerrero St, San Francisco, CA",37.7701098,-122.4245703
905,2482,Acacia stenophylla :: Shoestring Acacia,"100X Guerrero St, San Francisco, CA",37.7701098,-122.4245703
906,2483,Acacia stenophylla :: Shoestring Acacia,"100X Guerrero St, San Francisco, CA",37.7701098,-122.4245703
172,410,Syzygium paniculatum :: Brush Cherry,"250X Octavia St, San Francisco, CA",37.7750989,-122.4244054
249,623,Syzygium paniculatum :: Brush Cherry,"250x Octavia St, San Francisco, CA",37.7750989,-122.4244054
919,2496,Prunus serrulata :: Ornamental Cherry,"101X Octavia St Frontage West, San Francisco, CA",37.7745424,-122.4243015
920,2497,Prunus serrulata :: Ornamental Cherry,"101X Octavia St Frontage West, San Francisco, CA",37.7745424,-122.4243015
921,2498,Prunus serrulata :: Ornamental Cherry,"101X Octavia St Frontage West, San Francisco, CA",37.7745424,-122.4243015
922,2499,Prunus serrulata :: Ornamental Cherry,"101X Octavia St Frontage West, San Francisco, CA",37.7745424,-122.4243015
923,2500,Pyrus calleryana :: Ornamental Pear,"101X Octavia St Frontage West, San Francisco, CA",37.7745424,-122.4243015
924,2501,Pyrus calleryana :: Ornamental Pear,"101X Octavia St Frontage West, San Francisco, CA",37.7745424,-122.4243015
925,2502,Pyrus calleryana :: Ornamental Pear,"101X Octavia St Frontage West, San Francisco, CA",37.7745424,-122.4243015
928,2506,Acer rubrum :: Red Maple,"300x Hickory St, San Francisco, CA",37.7753842,-122.4238929
6,8,Prunus serrulata :: Ornamental Cherry,"3 21st St, San Francisco, CA",37.7567541,-122.4236526
75,130,Lophostemon confertus :: Brisbane Box,"500X Gough St, San Francisco, CA",37.7771976,-122.4230041
61,107,Geijera parviflora :: Australian Willow,"0 16th St, San Francisco, CA",37.7650161,-122.4201554
566,1503,Geijera parviflora :: Australian Willow,"0 16th St, San Francisco, CA",37.7650161,-122.4201554
589,1564,Geijera parviflora :: Australian Willow,"0 16th St, San Francisco, CA",37.7650161,-122.4201554
623,1668,Geijera parviflora :: Australian Willow,"0 16th St, San Francisco, CA",37.7650161,-122.4201554
543,1446,Ulmus parvifolia :: Chinese Elm,"400X Winfield St, San Francisco, CA",37.7416694,-122.4192053
701,1903,Shrub :: Shrub,"403 Winfield St, San Francisco, CA",37.7416694,-122.4192053
893,2470,Pittosporum undulatum :: Victorian Box,"1388x Minna St, San Francisco, CA",37.7669814,-122.4191651
896,2473,Pittosporum undulatum :: Victorian Box,"1388x Minna St, San Francisco, CA",37.7669814,-122.4191651
897,2474,Pittosporum undulatum :: Victorian Box,"1388x Minna St, San Francisco, CA",37.7669814,-122.4191651
22,37,Ficus nitida :: Laurel Fig,"1X Otis St, San Francisco, CA",37.7728725,-122.4191628
24,39,Ficus nitida :: Laurel Fig,"1X Otis St, San Francisco, CA",37.7728725,-122.4191628
25,40,Ficus nitida :: Laurel Fig,"1X Otis St, San Francisco, CA",37.7728725,-122.4191628
46,84,Lophostemon confertus :: Brisbane Box,"651X Polk St, San Francisco, CA",37.7826324,-122.4191449
45,79,Magnolia grandiflora 'Samuel Sommer' :: Samuel Sommer Magnolia,"701 Ellis St, San Francisco, CA",37.7841831,-122.4178928
66,119,Populus nigra 'Italica' :: Lombardy Poplar,"300X Esmeralda Ave, San Francisco, CA",37.7433254,-122.4177908
67,120,Pinus radiata :: Monterey Pine,"300x Esmeralda Ave, San Francisco, CA",37.7433254,-122.4177908
65,118,Pinus radiata :: Monterey Pine,"81X Elsie St, San Francisco, CA",37.743564,-122.416987
42,74,Eriobotrya deflexa :: Bronze Loquat,"98X Shotwell St, San Francisco, CA",37.7672531,-122.4166539
43,75,Eriobotrya deflexa :: Bronze Loquat,"98X Shotwell St, San Francisco, CA",37.7672531,-122.4166539
41,73,Pinus canariensis :: Canary Island Pine,"199X Kissling St, San Francisco, CA",37.771489,-122.4160483
149,341,Rhamnus alaternus :: Italian Buckthorn,"1277TEHAMA Houston St, San Francisco, CA",37.8038769,-122.4159235
266,666,Rhamnus alaternus :: Italian Buckthorn,"1277TEHAMA Houston St, San Francisco, CA",37.8038769,-122.4159235
513,1376,Rhamnus alaternus :: Italian Buckthorn,"1277TEHAMA Houston St, San Francisco, CA",37.8038769,-122.4159235
964,2543,Tristaniopsis laurina :: Swamp Myrtle,"1051 Silver Ave, San Francisco, CA",37.7291944,-122.4154609
917,2494,Liquidambar styraciflua :: American Sweet Gum,"1000X Columbus Ave, San Francisco, CA",37.803888,-122.415112
895,2472,::,"1X Bernal Heights Blvd, San Francisco, CA",37.7415225,-122.4111327
200,499,Geijera parviflora :: Australian Willow,"1683 Precita Ave, San Francisco, CA",37.7472381,-122.4102643
400,1055,Prunus serrulata :: Ornamental Cherry,"0 21st St, San Francisco, CA",37.7575685,-122.4100542
458,1224,Prunus serrulata :: Ornamental Cherry,"0 21st St, San Francisco, CA",37.7575685,-122.4100542
740,2008,Prunus serrulata :: Ornamental Cherry,"0 21st St, San Francisco, CA",37.7575685,-122.4100542
780,2135,Prunus serrulata :: Ornamental Cherry,"0 21st St, San Francisco, CA",37.7575685,-122.4100542
611,1626,Tristaniopsis laurina :: Swamp Myrtle,"401X Esmeralda Ave, San Francisco, CA",37.7433261,-122.4091085
101,201,Jacaranda mimosifolia :: Jacaranda,"2790 York St, San Francisco, CA",37.7554832,-122.4084754
236,593,Quercus agrifolia :: Coast Live Oak,"0 Ervine St, San Francisco, CA",37.7180496,-122.4082771
242,606,Quercus agrifolia :: Coast Live Oak,"0 Ervine St, San Francisco, CA",37.7180496,-122.4082771
260,655,Quercus agrifolia :: Coast Live Oak,"0 Ervine St, San Francisco, CA",37.7180496,-122.4082771
328,821,Quercus agrifolia :: Coast Live Oak,"0 Ervine St, San Francisco, CA",37.7180496,-122.4082771
388,1020,Quercus agrifolia :: Coast Live Oak,"0 Ervine St, San Francisco, CA",37.7180496,-122.4082771
427,1124,Quercus agrifolia :: Coast Live Oak,"0 Ervine St, San Francisco, CA",37.7180496,-122.4082771
436,1146,Quercus agrifolia :: Coast Live Oak,"0 Ervine St, San Francisco, CA",37.7180496,-122.4082771
562,1496,Quercus agrifolia :: Coast Live Oak,"0 Ervine St, San Francisco, CA",37.7180496,-122.4082771
607,1618,Quercus agrifolia :: Coast Live Oak,"0 Ervine St, San Francisco, CA",37.7180496,-122.4082771
834,2288,Quercus agrifolia :: Coast Live Oak,"0 Ervine St, San Francisco, CA",37.7180496,-122.4082771
956,2535,Koelreuteria paniculata :: Golden Rain Tree,"301 Somerset St, San Francisco, CA",37.7280717,-122.4081262
962,2541,Magnolia grandiflora 'Samuel Sommer' :: Samuel Sommer Magnolia,"101 Goettingen St, San Francisco, CA",37.730346,-122.4079487
958,2537,Eriobotrya deflexa :: Bronze Loquat,"320 Bacon St, San Francisco, CA",37.7266943,-122.4073912
968,2547,Eriobotrya deflexa :: Bronze Loquat,"320 Bacon St, San Francisco, CA",37.7266943,-122.4073912
971,2550,Eriobotrya deflexa :: Bronze Loquat,"320 Bacon St, San Francisco, CA",37.7266943,-122.4073912
979,2558,Eriobotrya deflexa :: Bronze Loquat,"320 Bacon St, San Francisco, CA",37.7266943,-122.4073912
961,2540,Eriobotrya deflexa :: Bronze Loquat,"400 Bacon St, San Francisco, CA",37.7267125,-122.4073245
980,2559,Eriobotrya deflexa :: Bronze Loquat,"400 Bacon St, San Francisco, CA",37.7267125,-122.4073245
957,2536,Lophostemon confertus :: Brisbane Box,"300X Goettingen St, San Francisco, CA",37.727785,-122.4070433
965,2544,Lophostemon confertus :: Brisbane Box,"300X Goettingen St, San Francisco, CA",37.727785,-122.4070433
966,2545,Lophostemon confertus :: Brisbane Box,"300X Goettingen St, San Francisco, CA",37.727785,-122.4070433
970,2549,Lophostemon confertus :: Brisbane Box,"300X Goettingen St, San Francisco, CA",37.727785,-122.4070433
972,2551,Lophostemon confertus :: Brisbane Box,"300X Goettingen St, San Francisco, CA",37.727785,-122.4070433
975,2554,Olea europaea 'Wilsonii' :: Wilson Olive Semi-fruitless,"401 Goettingen St, San Francisco, CA",37.7265632,-122.4063998
969,2548,Tristaniopsis laurina :: Swamp Myrtle,"301X Burrows St, San Francisco, CA",37.7282391,-122.4062293
973,2552,Tristaniopsis laurina :: Swamp Myrtle,"301X Burrows St, San Francisco, CA",37.7282391,-122.4062293
974,2553,Tristaniopsis laurina :: Swamp Myrtle,"301X Burrows St, San Francisco, CA",37.7282391,-122.4062293
976,2555,Tristaniopsis laurina :: Swamp Myrtle,"301X Burrows St, San Francisco, CA",37.7282391,-122.4062293
326,819,Melaleuca quinquenervia :: Cajeput,"125 Street, San Francisco, CA",37.8054283,-122.4059767
622,1663,Melaleuca quinquenervia :: Cajeput,"125 Street, San Francisco, CA",37.8054283,-122.4059767
48,87,Olea europaea 'Majestic Beauty' :: Majestic Beauty Fruitless Olive,"154 Arleta Ave, San Francisco, CA",37.7135734,-122.4056961
49,90,Olea europaea 'Majestic Beauty' :: Majestic Beauty Fruitless Olive,"154 Arleta Ave, San Francisco, CA",37.7135734,-122.4056961
959,2538,Melaleuca quinquenervia :: Cajeput,"201 Burrows St, San Francisco, CA",37.7284907,-122.4052502
960,2539,Melaleuca quinquenervia :: Cajeput,"201 Burrows St, San Francisco, CA",37.7284907,-122.4052502
963,2542,Melaleuca quinquenervia :: Cajeput,"201 Burrows St, San Francisco, CA",37.7284907,-122.4052502
967,2546,Melaleuca quinquenervia :: Cajeput,"201 Burrows St, San Francisco, CA",37.7284907,-122.4052502
977,2556,Melaleuca quinquenervia :: Cajeput,"201 Burrows St, San Francisco, CA",37.7284907,-122.4052502
978,2557,Melaleuca quinquenervia :: Cajeput,"201 Burrows St, San Francisco, CA",37.7284907,-122.4052502
261,659,Acer spp :: Maple,"290X Tehama St, San Francisco, CA",37.7805723,-122.4050543
693,1882,Acer spp :: Maple,"290X Tehama St, San Francisco, CA",37.7805723,-122.4050543
44,77,Lophostemon confertus :: Brisbane Box,"835 Sacramento St, San Francisco, CA",37.7934814,-122.4050461
954,2533,Afrocarpus gracilior :: Fern Pine,"1 Burrows St, San Francisco, CA",37.7288085,-122.4039817
330,823,Ficus nitida :: Laurel Fig,"1X Geary St, San Francisco, CA",37.7879692,-122.4038485
395,1044,Ficus nitida :: Laurel Fig,"1X Geary St, San Francisco, CA",37.7879692,-122.4038485
584,1554,Ficus nitida :: Laurel Fig,"1X Geary St, San Francisco, CA",37.7879692,-122.4038485
221,561,Ceanothus 'Ray Hartman' :: California Lilac 'Ray Hartman',"0 Arleta Ave, San Francisco, CA",37.7127901,-122.4037598
360,921,Ceanothus 'Ray Hartman' :: California Lilac 'Ray Hartman',"0 Arleta Ave, San Francisco, CA",37.7127901,-122.4037598
572,1523,Ceanothus 'Ray Hartman' :: California Lilac 'Ray Hartman',"0 Arleta Ave, San Francisco, CA",37.7127901,-122.4037598
800,2198,Ceanothus 'Ray Hartman' :: California Lilac 'Ray Hartman',"0 Arleta Ave, San Francisco, CA",37.7127901,-122.4037598
106,214,Lophostemon confertus :: Brisbane Box,"757 Peninsula Ave, San Francisco, CA",37.71216,-122.3988783
109,221,Lophostemon confertus :: Brisbane Box,"757 Peninsula Ave, San Francisco, CA",37.71216,-122.3988783
385,1012,Lophostemon confertus :: Brisbane Box,"757 Peninsula Ave, San Francisco, CA",37.71216,-122.3988783
725,1975,Lophostemon confertus :: Brisbane Box,"757 Peninsula Ave, San Francisco, CA",37.71216,-122.3988783
804,2205,Lophostemon confertus :: Brisbane Box,"757 Peninsula Ave, San Francisco, CA",37.71216,-122.3988783
34,57,Tilia cordata :: Littleleaf Linden,"100x Beale St, San Francisco, CA",37.7924018,-122.3972881
35,58,Tilia cordata :: Littleleaf Linden,"100x Beale St, San Francisco, CA",37.7924018,-122.3972881
37,62,Tilia cordata :: Littleleaf Linden,"100x Beale St, San Francisco, CA",37.7924018,-122.3972881
482,1286,Prunus cerasifera :: Cherry Plum,"1501 Missouri St, San Francisco, CA",37.764523,-122.3967125
391,1036,Pinus radiata :: Monterey Pine,"700 Connecticut St, San Francisco, CA",37.7513799,-122.3964953
332,825,Eucalyptus Spp :: Eucalyptus,"150 Phelps St, San Francisco, CA",37.7375324,-122.3934005
459,1228,Olea europaea :: Olive Tree,"150 Phelps St, San Francisco, CA",37.7375324,-122.3934005
668,1810,Eucalyptus Spp :: Eucalyptus,"150 Phelps St, San Francisco, CA",37.7375324,-122.3934005
882,2458,Phoenix canariensis :: Canary Island Date Palm,"1700X Quesada Ave, San Francisco, CA",37.7332982,-122.3913669
884,2460,Phoenix canariensis :: Canary Island Date Palm,"1700X Quesada Ave, San Francisco, CA",37.7332982,-122.3913669
885,2461,Phoenix canariensis :: Canary Island Date Palm,"1700X Quesada Ave, San Francisco, CA",37.7332982,-122.3913669
886,2462,Phoenix canariensis :: Canary Island Date Palm,"1700X Quesada Ave, San Francisco, CA",37.7332982,-122.3913669
887,2463,Ulmus parvifolia :: Chinese Elm,"1700X Quesada Ave, San Francisco, CA",37.7332982,-122.3913669
888,2464,Phoenix canariensis :: Canary Island Date Palm,"1700X Quesada Ave, San Francisco, CA",37.7332982,-122.3913669
889,2465,Phoenix canariensis :: Canary Island Date Palm,"1700X Quesada Ave, San Francisco, CA",37.7332982,-122.3913669
890,2466,Phoenix canariensis :: Canary Island Date Palm,"1700X Quesada Ave, San Francisco, CA",37.7332982,-122.3913669
891,2467,Phoenix canariensis :: Canary Island Date Palm,"1700X Quesada Ave, San Francisco, CA",37.7332982,-122.3913669
892,2468,Phoenix canariensis :: Canary Island Date Palm,"1700X Quesada Ave, San Francisco, CA",37.7332982,-122.3913669
126,260,Ginkgo biloba :: Maidenhair Tree,"99@ 20TH ST Tennessee St, San Francisco, CA",37.7606197,-122.385451
0,1,Corymbia ficifolia :: Red Flowering Gum,"349X Cargo Way, San Francisco, CA",37.7441324,-122.3837697
911,2488,Lophostemon confertus :: Brisbane Box,"201X Cargo Way, San Francisco, CA",37.7420338,-122.3802977
900,2477,Eucalyptus polyanthemos :: Silver Dollar Eucalyptus,"1170 Ingalls St, San Francisco, CA",37.7309317,-122.3797297
57,103,Platanus x hispanica :: Sycamore: London Plane,"150 Jennings St, San Francisco, CA",37.7389987,-122.3780164
58,104,Platanus x hispanica :: Sycamore: London Plane,"150 Jennings St, San Francisco, CA",37.7389987,-122.3780164
59,105,Platanus x hispanica :: Sycamore: London Plane,"150 Jennings St, San Francisco, CA",37.7389987,-122.3780164
60,106,Platanus x hispanica :: Sycamore: London Plane,"150 Jennings St, San Francisco, CA",37.7389987,-122.3780164
121,248,Pyrus kawakamii :: Evergreen Pear,"145 Hawes St, San Francisco, CA",37.7333968,-122.3773435